,Bird,City1,City2,City3,City4,City5,City6,location1,location2,location3,location4,location5,location6
0,Aegotheles_cristatus,"Geelong, Australia","Melbourne, Australia","Launceston, Australia","Hobart, Australia",,,"Geelong, Victoria, 3220, Australia","Melbourne, City of Melbourne, Victoria, Australia","Launceston, City of Launceston, Tasmania, 7250, Australia","Hobart, City of Hobart, Tasmania, Australia","Nanno, Ville d'Anaunia, Comunità della Val di Non, Provincia di Trento, Trentino-Alto Adige/Südtirol, 38012, Italia","Nanno, Ville d'Anaunia, Comunità della Val di Non, Provincia di Trento, Trentino-Alto Adige/Südtirol, 38012, Italia"
1,Agelaius_phoeniceus,"Masaya, Nicaragua","Managua, Nicaragua","Liberia, Costa Rica",,,,"Masaya, Nicaragua","Managua (Municipio), Departamento de Managua, 10000 (CODIGO MAESTRO), Nicaragua","Liberia, Cantón Liberia, Provincia Guanacaste, 50101, Costa Rica","Nanno, Ville d'Anaunia, Comunità della Val di Non, Provincia di Trento, Trentino-Alto Adige/Südtirol, 38012, Italia","Nanno, Ville d'Anaunia, Comunità della Val di Non, Provincia di Trento, Trentino-Alto Adige/Südtirol, 38012, Italia","Nanno, Ville d'Anaunia, Comunità della Val di Non, Provincia di Trento, Trentino-Alto Adige/Südtirol, 38012, Italia"
2,Alaemon_alaudipes,"Kismayo, Somalia","Merca, Somalia","Mogadishu, Somalia",,,,"Kismayo, Jubbada Hoose جوبا السفلى, SA-3805-A01-001, Soomaaliya الصومال","Marka, Shabeellaha Hoose شبيلي السفلى, Soomaaliya الصومال","Muqdisho مقديشو, Mogadishu مقديشو, Banaadir بنادر, 2561, Soomaaliya الصومال","Nanno, Ville d'Anaunia, Comunità della Val di Non, Provincia di Trento, Trentino-Alto Adige/Südtirol, 38012, Italia","Nanno, Ville d'Anaunia, Comunità della Val di Non, Provincia di Trento, Trentino-Alto Adige/Südtirol, 38012, Italia","Nanno, Ville d'Anaunia, Comunità della Val di Non, Provincia di Trento, Trentino-Alto Adige/Südtirol, 38012, Italia"
3,Alectoris_chukar,"Sacramento, US","Salt Lake City, US","Las Vegas, US",,,,"Sacramento, Sacramento County, California, United States","Salt Lake City, Salt Lake County, Utah, United States","Las Vegas, Clark County, Nevada, United States","Nanno, Ville d'Anaunia, Comunità della Val di Non, Provincia di Trento, Trentino-Alto Adige/Südtirol, 38012, Italia","Nanno, Ville d'Anaunia, Comunità della Val di Non, Provincia di Trento, Trentino-Alto Adige/Südtirol, 38012, Italia","Nanno, Ville d'Anaunia, Comunità della Val di Non, Provincia di Trento, Trentino-Alto Adige/Südtirol, 38012, Italia"
4,Anhinga_anhinga,"Encarnacion, Paraguay","Capiata, Paraguay","Asuncion, Paraguay",,,,"Encarnación, Itapúa, Región Oriental, 6000, Paraguay","Capiatá, Central, Región Oriental, 1237, Paraguay","Distrito Capital de Paraguay, Asunción, Región Oriental, Paraguay","Nanno, Ville d'Anaunia, Comunità della Val di Non, Provincia di Trento, Trentino-Alto Adige/Südtirol, 38012, Italia","Nanno, Ville d'Anaunia, Comunità della Val di Non, Provincia di Trento, Trentino-Alto Adige/Südtirol, 38012, Italia","Nanno, Ville d'Anaunia, Comunità della Val di Non, Provincia di Trento, Trentino-Alto Adige/Südtirol, 38012, Italia"
5,Athene_cunicularia,"Trelew, Argentina","Comodoro Rivadavia, Argentina","Rio Gallegos, Argentina",,,,"Trelew, Municipio de Trelew, Departamento Rawson, Chubut, U9100, Argentina","Comodoro Rivadavia, Jardín, Río Gallegos, Municipio de Río Gallegos, Güer Aike, Santa Cruz, ´9400, Argentina","Río Gallegos, Municipio de Río Gallegos, Güer Aike, Santa Cruz, Argentina","Nanno, Ville d'Anaunia, Comunità della Val di Non, Provincia di Trento, Trentino-Alto Adige/Südtirol, 38012, Italia","Nanno, Ville d'Anaunia, Comunità della Val di Non, Provincia di Trento, Trentino-Alto Adige/Südtirol, 38012, Italia","Nanno, Ville d'Anaunia, Comunità della Val di Non, Provincia di Trento, Trentino-Alto Adige/Südtirol, 38012, Italia"
6,Aulacorhynchus_sulcatus,"Popayan, Colombian","Pitalito, Colombian","Pasto, Colombian",,,,,,"Colombian Spider Monkeys, Eve Hill, Dixons Green, Dudley, West Midlands Combined Authority, West Midlands, England, United Kingdom","Nanno, Ville d'Anaunia, Comunità della Val di Non, Provincia di Trento, Trentino-Alto Adige/Südtirol, 38012, Italia","Nanno, Ville d'Anaunia, Comunità della Val di Non, Provincia di Trento, Trentino-Alto Adige/Südtirol, 38012, Italia","Nanno, Ville d'Anaunia, Comunità della Val di Non, Provincia di Trento, Trentino-Alto Adige/Südtirol, 38012, Italia"
7,Bubo_virginianus,"Tegucigalpa, Honduras","Jinotega, Nicaragua","Esteli, Nicaragua",,,,"Tegucigalpa, Distrito Central, Francisco Morazán, Honduras","Jinotega, Nicaragua","Estelí, Nicaragua","Nanno, Ville d'Anaunia, Comunità della Val di Non, Provincia di Trento, Trentino-Alto Adige/Südtirol, 38012, Italia","Nanno, Ville d'Anaunia, Comunità della Val di Non, Provincia di Trento, Trentino-Alto Adige/Südtirol, 38012, Italia","Nanno, Ville d'Anaunia, Comunità della Val di Non, Provincia di Trento, Trentino-Alto Adige/Südtirol, 38012, Italia"
8,Callipepla_californica,"Tijuana, Mexico","Ensenada, Mexico","San Jose del Cabo, Mexico","Cabo San Lucas, Mexico","La Paz, Mexico",,"Tijuana, Municipio de Tijuana, Baja California, 22105, México","Ensenada, Baja California, México","San José del Cabo, Los Cabos, Baja California Sur, 23400, México","Cabo San Lucas, Los Cabos, Baja California Sur, 23470, México","La Paz, Estado de México, México","Nanno, Ville d'Anaunia, Comunità della Val di Non, Provincia di Trento, Trentino-Alto Adige/Südtirol, 38012, Italia"
9,"Carpodacus_cassinii, (Haemorhous_cassinii)","Durango, Mexico","Aguacalientes, Mexico","San Luis Potosi, Mexico",,,,"Durango, México","Aguacalientes, Municipio de Zacatecas, Zacatecas, 98000, México","San Luis Potosí, México","Nanno, Ville d'Anaunia, Comunità della Val di Non, Provincia di Trento, Trentino-Alto Adige/Südtirol, 38012, Italia","Nanno, Ville d'Anaunia, Comunità della Val di Non, Provincia di Trento, Trentino-Alto Adige/Südtirol, 38012, Italia","Nanno, Ville d'Anaunia, Comunità della Val di Non, Provincia di Trento, Trentino-Alto Adige/Südtirol, 38012, Italia"
10,Cathartes_aura,"Santa Rosa, Argentina","Trelew, Argentina","Comodoro Rivadavia, Argentina",,,,"Municipio de Santa Rosa, Departamento Capital, La Pampa, Argentina","Trelew, Municipio de Trelew, Departamento Rawson, Chubut, U9100, Argentina","Comodoro Rivadavia, Jardín, Río Gallegos, Municipio de Río Gallegos, Güer Aike, Santa Cruz, ´9400, Argentina","Nanno, Ville d'Anaunia, Comunità della Val di Non, Provincia di Trento, Trentino-Alto Adige/Südtirol, 38012, Italia","Nanno, Ville d'Anaunia, Comunità della Val di Non, Provincia di Trento, Trentino-Alto Adige/Südtirol, 38012, Italia","Nanno, Ville d'Anaunia, Comunità della Val di Non, Provincia di Trento, Trentino-Alto Adige/Südtirol, 38012, Italia"
11,Collocalia_esculenta,"Lae, Papua New Guinea","Port Moresby, Papua New Guinea",,,,,"Lae, Lae District, Morobe, Momase Region, Papua Niugini","Port Moresby, National Capital District, Papua Region, 111, Papua Niugini","Nanno, Ville d'Anaunia, Comunità della Val di Non, Provincia di Trento, Trentino-Alto Adige/Südtirol, 38012, Italia","Nanno, Ville d'Anaunia, Comunità della Val di Non, Provincia di Trento, Trentino-Alto Adige/Südtirol, 38012, Italia","Nanno, Ville d'Anaunia, Comunità della Val di Non, Provincia di Trento, Trentino-Alto Adige/Südtirol, 38012, Italia","Nanno, Ville d'Anaunia, Comunità della Val di Non, Provincia di Trento, Trentino-Alto Adige/Südtirol, 38012, Italia"
12,"Collocalia_vanikorensis, (Aerodramus_vanikorensis)","Lae, Papua New Guinea","Port Moresby, Papua New Guinea",,,,,"Lae, Lae District, Morobe, Momase Region, Papua Niugini","Port Moresby, National Capital District, Papua Region, 111, Papua Niugini","Nanno, Ville d'Anaunia, Comunità della Val di Non, Provincia di Trento, Trentino-Alto Adige/Südtirol, 38012, Italia","Nanno, Ville d'Anaunia, Comunità della Val di Non, Provincia di Trento, Trentino-Alto Adige/Südtirol, 38012, Italia","Nanno, Ville d'Anaunia, Comunità della Val di Non, Provincia di Trento, Trentino-Alto Adige/Südtirol, 38012, Italia","Nanno, Ville d'Anaunia, Comunità della Val di Non, Provincia di Trento, Trentino-Alto Adige/Südtirol, 38012, Italia"
13,Coragyps_atratus,"Osorno, Chile","Puerto Montt, Chile","San Carlos de Bariloche, Argentina","Trelew, Argentina",,,"Osorno, Provincia de Osorno, Región de Los Lagos, Chile","Puerto Montt, Provincia de Llanquihue, Región de Los Lagos, Chile","San Carlos de Bariloche, Municipio de San Carlos de Bariloche, Departamento Bariloche, Río Negro, 8400, Argentina","Trelew, Municipio de Trelew, Departamento Rawson, Chubut, U9100, Argentina","Nanno, Ville d'Anaunia, Comunità della Val di Non, Provincia di Trento, Trentino-Alto Adige/Südtirol, 38012, Italia","Nanno, Ville d'Anaunia, Comunità della Val di Non, Provincia di Trento, Trentino-Alto Adige/Südtirol, 38012, Italia"
14,Coturnix_japonica,"Hat Yai, Thailand","Can Tho, Vietnam","Ho Chi Minh City, Vietnam",,,,"หาดใหญ่, ประเทศไทย","Thành phố Cần Thơ, Việt Nam","Thành phố Hồ Chí Minh, Việt Nam","Nanno, Ville d'Anaunia, Comunità della Val di Non, Provincia di Trento, Trentino-Alto Adige/Südtirol, 38012, Italia","Nanno, Ville d'Anaunia, Comunità della Val di Non, Provincia di Trento, Trentino-Alto Adige/Südtirol, 38012, Italia","Nanno, Ville d'Anaunia, Comunità della Val di Non, Provincia di Trento, Trentino-Alto Adige/Südtirol, 38012, Italia"
15,Cyanoramphus_novaezelandiae,"Ciudad Valles, Mexico","Tampico, Mexico",,,,,"Ciudad Valles, San Luis Potosí, México","Tampico, Tamaulipas, 89160, México","Nanno, Ville d'Anaunia, Comunità della Val di Non, Provincia di Trento, Trentino-Alto Adige/Südtirol, 38012, Italia","Nanno, Ville d'Anaunia, Comunità della Val di Non, Provincia di Trento, Trentino-Alto Adige/Südtirol, 38012, Italia","Nanno, Ville d'Anaunia, Comunità della Val di Non, Provincia di Trento, Trentino-Alto Adige/Südtirol, 38012, Italia","Nanno, Ville d'Anaunia, Comunità della Val di Non, Provincia di Trento, Trentino-Alto Adige/Südtirol, 38012, Italia"
16,Ducula_pistrinaria,"Port Moresby, Papua New Guinea",,,,,,"Port Moresby, National Capital District, Papua Region, 111, Papua Niugini","Nanno, Ville d'Anaunia, Comunità della Val di Non, Provincia di Trento, Trentino-Alto Adige/Südtirol, 38012, Italia","Nanno, Ville d'Anaunia, Comunità della Val di Non, Provincia di Trento, Trentino-Alto Adige/Südtirol, 38012, Italia","Nanno, Ville d'Anaunia, Comunità della Val di Non, Provincia di Trento, Trentino-Alto Adige/Südtirol, 38012, Italia","Nanno, Ville d'Anaunia, Comunità della Val di Non, Provincia di Trento, Trentino-Alto Adige/Südtirol, 38012, Italia","Nanno, Ville d'Anaunia, Comunità della Val di Non, Provincia di Trento, Trentino-Alto Adige/Südtirol, 38012, Italia"
17,Ducula_zoeae,"Lae, Papua New Guinea","Port Moresby, Papua New Guinea","Wangapu, Indonesia","Kupang, Indonesia",,,"Lae, Lae District, Morobe, Momase Region, Papua Niugini","Port Moresby, National Capital District, Papua Region, 111, Papua Niugini",,"Kupang, Nusa Tenggara Timur, Indonesia","Nanno, Ville d'Anaunia, Comunità della Val di Non, Provincia di Trento, Trentino-Alto Adige/Südtirol, 38012, Italia","Nanno, Ville d'Anaunia, Comunità della Val di Non, Provincia di Trento, Trentino-Alto Adige/Südtirol, 38012, Italia"
18,"Eremiornis_carteri, (Megalurus_carteri or Poodytes_carteri)","Geelong, Australia","Melbourne, Australia","Launceston, Australia","Hobart, Australia",,,"Geelong, Victoria, 3220, Australia","Melbourne, City of Melbourne, Victoria, Australia","Launceston, City of Launceston, Tasmania, 7250, Australia","Hobart, City of Hobart, Tasmania, Australia","Nanno, Ville d'Anaunia, Comunità della Val di Non, Provincia di Trento, Trentino-Alto Adige/Südtirol, 38012, Italia","Nanno, Ville d'Anaunia, Comunità della Val di Non, Provincia di Trento, Trentino-Alto Adige/Südtirol, 38012, Italia"
19,Eremophila_alpestris,"Puebla, Mexico","Toluca, Mexico","Mexico City, Mexico",,,,"Puebla, México","Toluca, Estado de México, 50150, México","Ciudad de México, México","Nanno, Ville d'Anaunia, Comunità della Val di Non, Provincia di Trento, Trentino-Alto Adige/Südtirol, 38012, Italia","Nanno, Ville d'Anaunia, Comunità della Val di Non, Provincia di Trento, Trentino-Alto Adige/Südtirol, 38012, Italia","Nanno, Ville d'Anaunia, Comunità della Val di Non, Provincia di Trento, Trentino-Alto Adige/Südtirol, 38012, Italia"
20,Erythrura_gouldiae,"Langsa, Indonesia","Lhokseumawe, Indonesia","Banda Aceh, Indonesia","Medan, Indonesia",,,"Langsa, Aceh, Indonesia","Lhokseumawe, Aceh, Indonesia","Banda Aceh, Aceh, Indonesia","Kota Medan, Sumatera Utara, Indonesia","Nanno, Ville d'Anaunia, Comunità della Val di Non, Provincia di Trento, Trentino-Alto Adige/Südtirol, 38012, Italia","Nanno, Ville d'Anaunia, Comunità della Val di Non, Provincia di Trento, Trentino-Alto Adige/Südtirol, 38012, Italia"
21,Eudyptula_minor,"Queenstown, New Zealand","Invercargill, New Zealand","Dunedin, New Zealand",,,,"Queenstown, Queenstown-Lakes District, Otago, 9348, New Zealand / Aotearoa","Invercargill, Leven Street, Avenal, Invercargill City, Southland, 9810, New Zealand / Aotearoa","Dunedin, Dunedin City, Otago, 9016, New Zealand / Aotearoa","Nanno, Ville d'Anaunia, Comunità della Val di Non, Provincia di Trento, Trentino-Alto Adige/Südtirol, 38012, Italia","Nanno, Ville d'Anaunia, Comunità della Val di Non, Provincia di Trento, Trentino-Alto Adige/Südtirol, 38012, Italia","Nanno, Ville d'Anaunia, Comunità della Val di Non, Provincia di Trento, Trentino-Alto Adige/Südtirol, 38012, Italia"
22,Geococcyx_californianus,"Santiago de Queretaro, Mexico","Leon, Mexico","Mexico City, Mexico",,,,"Santiago de Querétaro, Municipio de Querétaro, Querétaro, México","León, Guanajuato, 37004, México","Ciudad de México, México","Nanno, Ville d'Anaunia, Comunità della Val di Non, Provincia di Trento, Trentino-Alto Adige/Südtirol, 38012, Italia","Nanno, Ville d'Anaunia, Comunità della Val di Non, Provincia di Trento, Trentino-Alto Adige/Südtirol, 38012, Italia","Nanno, Ville d'Anaunia, Comunità della Val di Non, Provincia di Trento, Trentino-Alto Adige/Südtirol, 38012, Italia"
23,Geopelia_cuneata,"Geelong, Australia","Melbourne, Australia","Launceston, Australia","Hobart, Australia",,,"Geelong, Victoria, 3220, Australia","Melbourne, City of Melbourne, Victoria, Australia","Launceston, City of Launceston, Tasmania, 7250, Australia","Hobart, City of Hobart, Tasmania, Australia","Nanno, Ville d'Anaunia, Comunità della Val di Non, Provincia di Trento, Trentino-Alto Adige/Südtirol, 38012, Italia","Nanno, Ville d'Anaunia, Comunità della Val di Non, Provincia di Trento, Trentino-Alto Adige/Südtirol, 38012, Italia"
24,Geophaps_plumifera,"Geelong, Australia","Melbourne, Australia","Launceston, Australia","Hobart, Australia",,,"Geelong, Victoria, 3220, Australia","Melbourne, City of Melbourne, Victoria, Australia","Launceston, City of Launceston, Tasmania, 7250, Australia","Hobart, City of Hobart, Tasmania, Australia","Nanno, Ville d'Anaunia, Comunità della Val di Non, Provincia di Trento, Trentino-Alto Adige/Südtirol, 38012, Italia","Nanno, Ville d'Anaunia, Comunità della Val di Non, Provincia di Trento, Trentino-Alto Adige/Südtirol, 38012, Italia"
25,Hemiphaga_novaeseelandiae,"Tauranga, New Zealand","Hamilton, New Zealand","Auckland, New Zealand",,,,"Tauranga, Tauranga City, Bay of Plenty, 3143, New Zealand / Aotearoa","Hamilton City, Waikato, New Zealand / Aotearoa","Auckland, Waitematā, Auckland, 1010, New Zealand / Aotearoa","Nanno, Ville d'Anaunia, Comunità della Val di Non, Provincia di Trento, Trentino-Alto Adige/Südtirol, 38012, Italia","Nanno, Ville d'Anaunia, Comunità della Val di Non, Provincia di Trento, Trentino-Alto Adige/Südtirol, 38012, Italia","Nanno, Ville d'Anaunia, Comunità della Val di Non, Provincia di Trento, Trentino-Alto Adige/Südtirol, 38012, Italia"
26,Lonchura_fuscans,"Bima, Indonesia","Denpasar, Indonesia","Ende, Indonesia","Kupang, Indonesia",,,"Kabupaten Bima, Nusa Tenggara Barat, 84171, Indonesia","Denpasar, Bali, Indonesia","Ende, Nusa Tenggara Timur, Indonesia","Kupang, Nusa Tenggara Timur, Indonesia","Nanno, Ville d'Anaunia, Comunità della Val di Non, Provincia di Trento, Trentino-Alto Adige/Südtirol, 38012, Italia","Nanno, Ville d'Anaunia, Comunità della Val di Non, Provincia di Trento, Trentino-Alto Adige/Südtirol, 38012, Italia"
27,Malurus_cyaneus,"Geelong, Australia","Melbourne, Australia","Launceston, Australia","Hobart, Australia",,,"Geelong, Victoria, 3220, Australia","Melbourne, City of Melbourne, Victoria, Australia","Launceston, City of Launceston, Tasmania, 7250, Australia","Hobart, City of Hobart, Tasmania, Australia","Nanno, Ville d'Anaunia, Comunità della Val di Non, Provincia di Trento, Trentino-Alto Adige/Südtirol, 38012, Italia","Nanno, Ville d'Anaunia, Comunità della Val di Non, Provincia di Trento, Trentino-Alto Adige/Südtirol, 38012, Italia"
28,Melopsittacus_undulatus,"Geelong, Australia","Melbourne, Australia","Launceston, Australia","Hobart, Australia",,,"Geelong, Victoria, 3220, Australia","Melbourne, City of Melbourne, Victoria, Australia","Launceston, City of Launceston, Tasmania, 7250, Australia","Hobart, City of Hobart, Tasmania, Australia","Nanno, Ville d'Anaunia, Comunità della Val di Non, Provincia di Trento, Trentino-Alto Adige/Südtirol, 38012, Italia","Nanno, Ville d'Anaunia, Comunità della Val di Non, Provincia di Trento, Trentino-Alto Adige/Südtirol, 38012, Italia"
29,Myiopsitta_monachus,"La Plata, Argentina","Buenos Aires, Argentina","Mar de Plata, Argentina","Bahia Blanca, Argentina",,,"La Plata, Partido de La Plata, Buenos Aires, Argentina","Buenos Aires, Comuna 6, Ciudad Autónoma de Buenos Aires, Argentina","Base Mar del Plata, 825, Avenida de los Pescadores, Mar del Plata, Partido de General Pueyrredón, Buenos Aires, 7600, Argentina","Bahía Blanca, Partido de Bahía Blanca, Buenos Aires, Argentina","Nanno, Ville d'Anaunia, Comunità della Val di Non, Provincia di Trento, Trentino-Alto Adige/Südtirol, 38012, Italia","Nanno, Ville d'Anaunia, Comunità della Val di Non, Provincia di Trento, Trentino-Alto Adige/Südtirol, 38012, Italia"
30,Nestor_notabilis,"Port Craig, New Zealand",,,,,,"Port Craig, Tuatapere Te Waewae Community, Southland District, Southland, New Zealand / Aotearoa","Nanno, Ville d'Anaunia, Comunità della Val di Non, Provincia di Trento, Trentino-Alto Adige/Südtirol, 38012, Italia","Nanno, Ville d'Anaunia, Comunità della Val di Non, Provincia di Trento, Trentino-Alto Adige/Südtirol, 38012, Italia","Nanno, Ville d'Anaunia, Comunità della Val di Non, Provincia di Trento, Trentino-Alto Adige/Südtirol, 38012, Italia","Nanno, Ville d'Anaunia, Comunità della Val di Non, Provincia di Trento, Trentino-Alto Adige/Südtirol, 38012, Italia","Nanno, Ville d'Anaunia, Comunità della Val di Non, Provincia di Trento, Trentino-Alto Adige/Südtirol, 38012, Italia"
31,Phalacrocorax_auritus,"Punta gorda, Belize",,,,,,"Punta Gorda, Toledo, Belize","Nanno, Ville d'Anaunia, Comunità della Val di Non, Provincia di Trento, Trentino-Alto Adige/Südtirol, 38012, Italia","Nanno, Ville d'Anaunia, Comunità della Val di Non, Provincia di Trento, Trentino-Alto Adige/Südtirol, 38012, Italia","Nanno, Ville d'Anaunia, Comunità della Val di Non, Provincia di Trento, Trentino-Alto Adige/Südtirol, 38012, Italia","Nanno, Ville d'Anaunia, Comunità della Val di Non, Provincia di Trento, Trentino-Alto Adige/Südtirol, 38012, Italia","Nanno, Ville d'Anaunia, Comunità della Val di Non, Provincia di Trento, Trentino-Alto Adige/Südtirol, 38012, Italia"
32,Philetairus_socius,"East London, South Africa","George, South Africa","Gqeberha, South Africa","Cape Town, South Africa",,,"East London, Buffalo City Metropolitan Municipality, Eastern Cape, 5201, South Africa","George, George Local Municipality, Garden Route District Municipality, Western Cape, 6529, South Africa","Port Elizabeth, Nelson Mandela Bay Metropolitan Municipality, Eastern Cape, 6006, South Africa","Cape Town, City of Cape Town, Western Cape, 8001, South Africa","Nanno, Ville d'Anaunia, Comunità della Val di Non, Provincia di Trento, Trentino-Alto Adige/Südtirol, 38012, Italia","Nanno, Ville d'Anaunia, Comunità della Val di Non, Provincia di Trento, Trentino-Alto Adige/Südtirol, 38012, Italia"
33,Pica_nuttalli,"Salinas, CA","Fresno, CA","Santa Maria, CA","Santa Barbara, CA",,,"Salinas, Monterey County, California, United States","Fresno, Fresno County, California, United States","Santa Maria, Santa Barbara County, California, United States","Santa Barbara, Santa Barbara County, California, United States","Nanno, Ville d'Anaunia, Comunità della Val di Non, Provincia di Trento, Trentino-Alto Adige/Südtirol, 38012, Italia","Nanno, Ville d'Anaunia, Comunità della Val di Non, Provincia di Trento, Trentino-Alto Adige/Südtirol, 38012, Italia"
34,"Pica_pica, (Pica_hudsonia)","Colorado Springs, Colorado","Denver, Colorado","Santa Fe, New Mexico",,,,"Colorado Springs, El Paso County, Colorado, United States","Denver, Denver County, Colorado, United States","Santa Fe, Santa Fe County, New Mexico, United States","Nanno, Ville d'Anaunia, Comunità della Val di Non, Provincia di Trento, Trentino-Alto Adige/Südtirol, 38012, Italia","Nanno, Ville d'Anaunia, Comunità della Val di Non, Provincia di Trento, Trentino-Alto Adige/Südtirol, 38012, Italia","Nanno, Ville d'Anaunia, Comunità della Val di Non, Provincia di Trento, Trentino-Alto Adige/Südtirol, 38012, Italia"
35,Plocepasser_mahali,"East London, South Africa","George, South Africa","Durban, South Africa","Gqeberha, South Africa","Cape Town, South Africa",,"East London, Buffalo City Metropolitan Municipality, Eastern Cape, 5201, South Africa","George, George Local Municipality, Garden Route District Municipality, Western Cape, 6529, South Africa","Durban, eThekwini Metropolitan Municipality, KwaZulu-Natal, 4057, South Africa","Port Elizabeth, Nelson Mandela Bay Metropolitan Municipality, Eastern Cape, 6006, South Africa","Cape Town, City of Cape Town, Western Cape, 8001, South Africa","Nanno, Ville d'Anaunia, Comunità della Val di Non, Provincia di Trento, Trentino-Alto Adige/Südtirol, 38012, Italia"
36,Ptychoramphus_aleuticus,"Chula Vista, CA","San Diego, CA","Rosarito, Mexico","Tijuana, Mexico","Ensenada, Mexico",,"Chula Vista, San Diego County, California, United States","San Diego, San Diego County, California, United States","Rosarito, Playas de Rosarito, Baja California, 22703, México","Tijuana, Municipio de Tijuana, Baja California, 22105, México","Ensenada, Baja California, México","Nanno, Ville d'Anaunia, Comunità della Val di Non, Provincia di Trento, Trentino-Alto Adige/Südtirol, 38012, Italia"
37,Sitta_canadensis,"US), ","(New Mexico, ","Fort Collins, ","Denver, ","Colorado Springs, ",,United States,"New Mexico, United States","Fort Collins, Larimer County, Colorado, United States","Denver, Denver County, Colorado, United States","Colorado Springs, El Paso County, Colorado, United States","Nanno, Ville d'Anaunia, Comunità della Val di Non, Provincia di Trento, Trentino-Alto Adige/Südtirol, 38012, Italia"
38,Sporophila_corvina,"Juigalpa, Nicaragua","Masaya, Nicaragua","Managua, Nicaragua",,,,"Juigalpa (Municipio), Chontales, 55000, Nicaragua","Masaya, Nicaragua","Managua (Municipio), Departamento de Managua, 10000 (CODIGO MAESTRO), Nicaragua","Nanno, Ville d'Anaunia, Comunità della Val di Non, Provincia di Trento, Trentino-Alto Adige/Südtirol, 38012, Italia","Nanno, Ville d'Anaunia, Comunità della Val di Non, Provincia di Trento, Trentino-Alto Adige/Südtirol, 38012, Italia","Nanno, Ville d'Anaunia, Comunità della Val di Non, Provincia di Trento, Trentino-Alto Adige/Südtirol, 38012, Italia"
39,Sporopipes_squamifrons,"Durban, South Africa","Gqeberha, South Africa","Cape Town, South Africa",,,,"Durban, eThekwini Metropolitan Municipality, KwaZulu-Natal, 4057, South Africa","Port Elizabeth, Nelson Mandela Bay Metropolitan Municipality, Eastern Cape, 6006, South Africa","Cape Town, City of Cape Town, Western Cape, 8001, South Africa","Nanno, Ville d'Anaunia, Comunità della Val di Non, Provincia di Trento, Trentino-Alto Adige/Südtirol, 38012, Italia","Nanno, Ville d'Anaunia, Comunità della Val di Non, Provincia di Trento, Trentino-Alto Adige/Südtirol, 38012, Italia","Nanno, Ville d'Anaunia, Comunità della Val di Non, Provincia di Trento, Trentino-Alto Adige/Südtirol, 38012, Italia"
40,Sturnus_vulgaris,"Caguas, Puerto Rico","Ponce, Puerto Rico","San Juan, Puerto Rico",,,,"Caguas, Puerto Rico, United States","Ponce, Puerto Rico, United States","San Juan, Puerto Rico, United States","Nanno, Ville d'Anaunia, Comunità della Val di Non, Provincia di Trento, Trentino-Alto Adige/Südtirol, 38012, Italia","Nanno, Ville d'Anaunia, Comunità della Val di Non, Provincia di Trento, Trentino-Alto Adige/Südtirol, 38012, Italia","Nanno, Ville d'Anaunia, Comunità della Val di Non, Provincia di Trento, Trentino-Alto Adige/Südtirol, 38012, Italia"
41,Turdoides_squamiceps,"Taizz, Yemen","Aden, Yemen","Djibouti, Djibouti",,,,"محافظة تعز, اليمن","مدينة عدن, محافظة عدن, اليمن",Djibouti جيبوتي,"Nanno, Ville d'Anaunia, Comunità della Val di Non, Provincia di Trento, Trentino-Alto Adige/Südtirol, 38012, Italia","Nanno, Ville d'Anaunia, Comunità della Val di Non, Provincia di Trento, Trentino-Alto Adige/Südtirol, 38012, Italia","Nanno, Ville d'Anaunia, Comunità della Val di Non, Provincia di Trento, Trentino-Alto Adige/Südtirol, 38012, Italia"
42,Tyto_alba,"Trelew, Argentina","Comodoro Rivadavia, Argentina","Rio Gallegos, Argentina",,,,"Trelew, Municipio de Trelew, Departamento Rawson, Chubut, U9100, Argentina","Comodoro Rivadavia, Jardín, Río Gallegos, Municipio de Río Gallegos, Güer Aike, Santa Cruz, ´9400, Argentina","Río Gallegos, Municipio de Río Gallegos, Güer Aike, Santa Cruz, Argentina","Nanno, Ville d'Anaunia, Comunità della Val di Non, Provincia di Trento, Trentino-Alto Adige/Südtirol, 38012, Italia","Nanno, Ville d'Anaunia, Comunità della Val di Non, Provincia di Trento, Trentino-Alto Adige/Südtirol, 38012, Italia","Nanno, Ville d'Anaunia, Comunità della Val di Non, Provincia di Trento, Trentino-Alto Adige/Südtirol, 38012, Italia"
43,Zosterops_lateralis,"Queenstown, New Zealand","Invercargill, New Zealand","Dunedin, New Zealand",,,,"Queenstown, Queenstown-Lakes District, Otago, 9348, New Zealand / Aotearoa","Invercargill, Leven Street, Avenal, Invercargill City, Southland, 9810, New Zealand / Aotearoa","Dunedin, Dunedin City, Otago, 9016, New Zealand / Aotearoa","Nanno, Ville d'Anaunia, Comunità della Val di Non, Provincia di Trento, Trentino-Alto Adige/Südtirol, 38012, Italia","Nanno, Ville d'Anaunia, Comunità della Val di Non, Provincia di Trento, Trentino-Alto Adige/Südtirol, 38012, Italia","Nanno, Ville d'Anaunia, Comunità della Val di Non, Provincia di Trento, Trentino-Alto Adige/Südtirol, 38012, Italia"
44,Aegithalos_concinnus,"Hat Yai, Thailand","Phuket, Thailand",,,,,"หาดใหญ่, ประเทศไทย","จังหวัดภูเก็ต, ประเทศไทย","Nanno, Ville d'Anaunia, Comunità della Val di Non, Provincia di Trento, Trentino-Alto Adige/Südtirol, 38012, Italia","Nanno, Ville d'Anaunia, Comunità della Val di Non, Provincia di Trento, Trentino-Alto Adige/Südtirol, 38012, Italia","Nanno, Ville d'Anaunia, Comunità della Val di Non, Provincia di Trento, Trentino-Alto Adige/Südtirol, 38012, Italia","Nanno, Ville d'Anaunia, Comunità della Val di Non, Provincia di Trento, Trentino-Alto Adige/Südtirol, 38012, Italia"
45,Bolborhynchus_lineola,"Cali, Ecuador","Quito, Ecuador","Loja, Ecuador",,,,"Cali, CIUDADELA EL CISNE, Monay, Cuenca, Azuay, 010210, Ecuador","Quito, Pichincha, 17041, Ecuador","Loja, Ecuador","Nanno, Ville d'Anaunia, Comunità della Val di Non, Provincia di Trento, Trentino-Alto Adige/Südtirol, 38012, Italia","Nanno, Ville d'Anaunia, Comunità della Val di Non, Provincia di Trento, Trentino-Alto Adige/Südtirol, 38012, Italia","Nanno, Ville d'Anaunia, Comunità della Val di Non, Provincia di Trento, Trentino-Alto Adige/Südtirol, 38012, Italia"
46,Cardinalis_sinuatus,"Santiago de Queretaro, Mexico","Leon, Mexico","San Luis Potosi, Mexico",,,,"Santiago de Querétaro, Municipio de Querétaro, Querétaro, México","León, Guanajuato, 37004, México","San Luis Potosí, México","Nanno, Ville d'Anaunia, Comunità della Val di Non, Provincia di Trento, Trentino-Alto Adige/Südtirol, 38012, Italia","Nanno, Ville d'Anaunia, Comunità della Val di Non, Provincia di Trento, Trentino-Alto Adige/Südtirol, 38012, Italia","Nanno, Ville d'Anaunia, Comunità della Val di Non, Provincia di Trento, Trentino-Alto Adige/Südtirol, 38012, Italia"
47,"Carduelis_tristis, (Spinus_tristis)","Birmingham, Alabama","Columbus, GA","Atlanta, GA",,,,"Birmingham, Jefferson County, Alabama, United States","G, Stark Court, Buckeye Village, Columbus, Sharon, Franklin County, Ohio, 43210, United States","The Gate, Johnson Road, Rockdale, Simsville, Atlanta, Fulton County, Georgia, 30318, United States","Nanno, Ville d'Anaunia, Comunità della Val di Non, Provincia di Trento, Trentino-Alto Adige/Südtirol, 38012, Italia","Nanno, Ville d'Anaunia, Comunità della Val di Non, Provincia di Trento, Trentino-Alto Adige/Südtirol, 38012, Italia","Nanno, Ville d'Anaunia, Comunità della Val di Non, Provincia di Trento, Trentino-Alto Adige/Südtirol, 38012, Italia"
48,Colius_colius,"East London, South Africa","George, South Africa","Durban, South Africa","Gqeberha, South Africa","Cape Town, South Africa",,"East London, Buffalo City Metropolitan Municipality, Eastern Cape, 5201, South Africa","George, George Local Municipality, Garden Route District Municipality, Western Cape, 6529, South Africa","Durban, eThekwini Metropolitan Municipality, KwaZulu-Natal, 4057, South Africa","Port Elizabeth, Nelson Mandela Bay Metropolitan Municipality, Eastern Cape, 6006, South Africa","Cape Town, City of Cape Town, Western Cape, 8001, South Africa","Nanno, Ville d'Anaunia, Comunità della Val di Non, Provincia di Trento, Trentino-Alto Adige/Südtirol, 38012, Italia"
49,Colius_striatus,"East London, South Africa","George, South Africa","Durban, South Africa","Gqeberha, South Africa","Cape Town, South Africa",,"East London, Buffalo City Metropolitan Municipality, Eastern Cape, 5201, South Africa","George, George Local Municipality, Garden Route District Municipality, Western Cape, 6529, South Africa","Durban, eThekwini Metropolitan Municipality, KwaZulu-Natal, 4057, South Africa","Port Elizabeth, Nelson Mandela Bay Metropolitan Municipality, Eastern Cape, 6006, South Africa","Cape Town, City of Cape Town, Western Cape, 8001, South Africa","Nanno, Ville d'Anaunia, Comunità della Val di Non, Provincia di Trento, Trentino-Alto Adige/Südtirol, 38012, Italia"
50,Columba_vitiensis,"Lae, Papua New Guinea","Port Moresby, Papua New Guinea","Ende, Indonesia","Wangapu, Indonesia","Kupang, Indonesia",,"Lae, Lae District, Morobe, Momase Region, Papua Niugini","Port Moresby, National Capital District, Papua Region, 111, Papua Niugini","Ende, Nusa Tenggara Timur, Indonesia",,"Kupang, Nusa Tenggara Timur, Indonesia","Nanno, Ville d'Anaunia, Comunità della Val di Non, Provincia di Trento, Trentino-Alto Adige/Südtirol, 38012, Italia"
51,Columbina_inca,"Cartago, Costa Rica","San Jose, Costa Rica",,,,,"Cartago, Oriental, Cantón Cartago, Provincia Cartago, 30101, Costa Rica","San José, Cantón San José, Provincia San José, 10104, Costa Rica","Nanno, Ville d'Anaunia, Comunità della Val di Non, Provincia di Trento, Trentino-Alto Adige/Südtirol, 38012, Italia","Nanno, Ville d'Anaunia, Comunità della Val di Non, Provincia di Trento, Trentino-Alto Adige/Südtirol, 38012, Italia","Nanno, Ville d'Anaunia, Comunità della Val di Non, Provincia di Trento, Trentino-Alto Adige/Südtirol, 38012, Italia","Nanno, Ville d'Anaunia, Comunità della Val di Non, Provincia di Trento, Trentino-Alto Adige/Südtirol, 38012, Italia"
52,Corvus_corax,"Puebla, Mexico","Toluca, Mexico","Mexico City, Mexico",,,,"Puebla, México","Toluca, Estado de México, 50150, México","Ciudad de México, México","Nanno, Ville d'Anaunia, Comunità della Val di Non, Provincia di Trento, Trentino-Alto Adige/Südtirol, 38012, Italia","Nanno, Ville d'Anaunia, Comunità della Val di Non, Provincia di Trento, Trentino-Alto Adige/Südtirol, 38012, Italia","Nanno, Ville d'Anaunia, Comunità della Val di Non, Provincia di Trento, Trentino-Alto Adige/Südtirol, 38012, Italia"
53,Cyanocitta_cristata,"Fort Lauderdale, FL","West Palm Beach, FL","Tampa, FL","Miami, FL",,,"Fort Lauderdale, Broward County, Florida, United States","West Palm Beach, Palm Beach County, Florida, United States","Tampa, Hillsborough County, Florida, United States","Miami, Miami-Dade County, Florida, United States","Nanno, Ville d'Anaunia, Comunità della Val di Non, Provincia di Trento, Trentino-Alto Adige/Südtirol, 38012, Italia","Nanno, Ville d'Anaunia, Comunità della Val di Non, Provincia di Trento, Trentino-Alto Adige/Südtirol, 38012, Italia"
54,Cyanoramphus_auriceps,"Queenstown, New Zealand","Invercargill, New Zealand","Dunedin, New Zealand",,,,"Queenstown, Queenstown-Lakes District, Otago, 9348, New Zealand / Aotearoa","Invercargill, Leven Street, Avenal, Invercargill City, Southland, 9810, New Zealand / Aotearoa","Dunedin, Dunedin City, Otago, 9016, New Zealand / Aotearoa","Nanno, Ville d'Anaunia, Comunità della Val di Non, Provincia di Trento, Trentino-Alto Adige/Südtirol, 38012, Italia","Nanno, Ville d'Anaunia, Comunità della Val di Non, Provincia di Trento, Trentino-Alto Adige/Südtirol, 38012, Italia","Nanno, Ville d'Anaunia, Comunità della Val di Non, Provincia di Trento, Trentino-Alto Adige/Südtirol, 38012, Italia"
55,Dromaius_novaehollandiae,"Perth, Australia","Sydney, Australia","Adelaide, Australia","Canberra, Australia",,,"Perth, City of Perth, Western Australia, 6000, Australia","Sydney, New South Wales, Australia","Adelaide, Adelaide City Council, South Australia, Australia","Canberra, District of Canberra Central, Australian Capital Territory, 2600, Australia","Nanno, Ville d'Anaunia, Comunità della Val di Non, Provincia di Trento, Trentino-Alto Adige/Südtirol, 38012, Italia","Nanno, Ville d'Anaunia, Comunità della Val di Non, Provincia di Trento, Trentino-Alto Adige/Südtirol, 38012, Italia"
56,Ducula_bicolor,"Lae, Papua New Guinea","Port Moresby, Papua New Guinea","Wangapu, Indonesia","Kupang, Indonesia",,,"Lae, Lae District, Morobe, Momase Region, Papua Niugini","Port Moresby, National Capital District, Papua Region, 111, Papua Niugini",,"Kupang, Nusa Tenggara Timur, Indonesia","Nanno, Ville d'Anaunia, Comunità della Val di Non, Provincia di Trento, Trentino-Alto Adige/Südtirol, 38012, Italia","Nanno, Ville d'Anaunia, Comunità della Val di Non, Provincia di Trento, Trentino-Alto Adige/Südtirol, 38012, Italia"
57,Falco_rupicoloides,"East London, South Africa","George, South Africa","Gqeberha, South Africa","Cape Town, South Africa",,,"East London, Buffalo City Metropolitan Municipality, Eastern Cape, 5201, South Africa","George, George Local Municipality, Garden Route District Municipality, Western Cape, 6529, South Africa","Port Elizabeth, Nelson Mandela Bay Metropolitan Municipality, Eastern Cape, 6006, South Africa","Cape Town, City of Cape Town, Western Cape, 8001, South Africa","Nanno, Ville d'Anaunia, Comunità della Val di Non, Provincia di Trento, Trentino-Alto Adige/Südtirol, 38012, Italia","Nanno, Ville d'Anaunia, Comunità della Val di Non, Provincia di Trento, Trentino-Alto Adige/Südtirol, 38012, Italia"
58,Fulica_atra,"Queenstown, New Zealand","Invercargill, New Zealand","Dunedin, New Zealand",,,,"Queenstown, Queenstown-Lakes District, Otago, 9348, New Zealand / Aotearoa","Invercargill, Leven Street, Avenal, Invercargill City, Southland, 9810, New Zealand / Aotearoa","Dunedin, Dunedin City, Otago, 9016, New Zealand / Aotearoa","Nanno, Ville d'Anaunia, Comunità della Val di Non, Provincia di Trento, Trentino-Alto Adige/Südtirol, 38012, Italia","Nanno, Ville d'Anaunia, Comunità della Val di Non, Provincia di Trento, Trentino-Alto Adige/Südtirol, 38012, Italia","Nanno, Ville d'Anaunia, Comunità della Val di Non, Provincia di Trento, Trentino-Alto Adige/Südtirol, 38012, Italia"
59,Tribonyx_mortierii,"Hobart, Australia",,,,,,"Hobart, City of Hobart, Tasmania, Australia","Nanno, Ville d'Anaunia, Comunità della Val di Non, Provincia di Trento, Trentino-Alto Adige/Südtirol, 38012, Italia","Nanno, Ville d'Anaunia, Comunità della Val di Non, Provincia di Trento, Trentino-Alto Adige/Südtirol, 38012, Italia","Nanno, Ville d'Anaunia, Comunità della Val di Non, Provincia di Trento, Trentino-Alto Adige/Südtirol, 38012, Italia","Nanno, Ville d'Anaunia, Comunità della Val di Non, Provincia di Trento, Trentino-Alto Adige/Südtirol, 38012, Italia","Nanno, Ville d'Anaunia, Comunità della Val di Non, Provincia di Trento, Trentino-Alto Adige/Südtirol, 38012, Italia"
60,Gymnophaps_albertisii,"Lae, Papua New Guinea","Port Moresby, Papua New Guinea",,,,,"Lae, Lae District, Morobe, Momase Region, Papua Niugini","Port Moresby, National Capital District, Papua Region, 111, Papua Niugini","Nanno, Ville d'Anaunia, Comunità della Val di Non, Provincia di Trento, Trentino-Alto Adige/Südtirol, 38012, Italia","Nanno, Ville d'Anaunia, Comunità della Val di Non, Provincia di Trento, Trentino-Alto Adige/Südtirol, 38012, Italia","Nanno, Ville d'Anaunia, Comunità della Val di Non, Provincia di Trento, Trentino-Alto Adige/Südtirol, 38012, Italia","Nanno, Ville d'Anaunia, Comunità della Val di Non, Provincia di Trento, Trentino-Alto Adige/Südtirol, 38012, Italia"
61,Lichenostomus_virescens,"Geelong, Australia","Melbourne, Australia","Launceston, Australia","Hobart, Australia",,,"Geelong, Victoria, 3220, Australia","Melbourne, City of Melbourne, Victoria, Australia","Launceston, City of Launceston, Tasmania, 7250, Australia","Hobart, City of Hobart, Tasmania, Australia","Nanno, Ville d'Anaunia, Comunità della Val di Non, Provincia di Trento, Trentino-Alto Adige/Südtirol, 38012, Italia","Nanno, Ville d'Anaunia, Comunità della Val di Non, Provincia di Trento, Trentino-Alto Adige/Südtirol, 38012, Italia"
62,Lichmera_indistincta,"Rockingham, Australia","Perth, Australia",,,,,"Rockingham, City Of Rockingham, Western Australia, 6168, Australia","Perth, City of Perth, Western Australia, 6000, Australia","Nanno, Ville d'Anaunia, Comunità della Val di Non, Provincia di Trento, Trentino-Alto Adige/Südtirol, 38012, Italia","Nanno, Ville d'Anaunia, Comunità della Val di Non, Provincia di Trento, Trentino-Alto Adige/Südtirol, 38012, Italia","Nanno, Ville d'Anaunia, Comunità della Val di Non, Provincia di Trento, Trentino-Alto Adige/Südtirol, 38012, Italia","Nanno, Ville d'Anaunia, Comunità della Val di Non, Provincia di Trento, Trentino-Alto Adige/Südtirol, 38012, Italia"
63,Lullula_arborea,"Mersin, Turkey","Adana, Turkey","Gaziantep, Turkey",,,,"Mersin, Akdeniz, Mersin, Akdeniz Bölgesi, 33010, Türkiye","Adana, Karasoku Mahallesi, Seyhan, Adana, Akdeniz Bölgesi, 01010, Türkiye","Gaziantep, Şahinbey, Gaziantep, Güneydoğu Anadolu Bölgesi, 27400, Türkiye","Nanno, Ville d'Anaunia, Comunità della Val di Non, Provincia di Trento, Trentino-Alto Adige/Südtirol, 38012, Italia","Nanno, Ville d'Anaunia, Comunità della Val di Non, Provincia di Trento, Trentino-Alto Adige/Südtirol, 38012, Italia","Nanno, Ville d'Anaunia, Comunità della Val di Non, Provincia di Trento, Trentino-Alto Adige/Südtirol, 38012, Italia"
64,Phoeniculus_purpureus,"Durban, South Africa","Gqerberha, South Africa","East London, South Africa",,,,"Durban, eThekwini Metropolitan Municipality, KwaZulu-Natal, 4057, South Africa",,"East London, Buffalo City Metropolitan Municipality, Eastern Cape, 5201, South Africa","Nanno, Ville d'Anaunia, Comunità della Val di Non, Provincia di Trento, Trentino-Alto Adige/Südtirol, 38012, Italia","Nanno, Ville d'Anaunia, Comunità della Val di Non, Provincia di Trento, Trentino-Alto Adige/Südtirol, 38012, Italia","Nanno, Ville d'Anaunia, Comunità della Val di Non, Provincia di Trento, Trentino-Alto Adige/Südtirol, 38012, Italia"
65,Porphyrio_hochstetteri,"Queenstown, New Zealand","Invercargill, New Zealand","Dunedin, New Zealand",,,,"Queenstown, Queenstown-Lakes District, Otago, 9348, New Zealand / Aotearoa","Invercargill, Leven Street, Avenal, Invercargill City, Southland, 9810, New Zealand / Aotearoa","Dunedin, Dunedin City, Otago, 9016, New Zealand / Aotearoa","Nanno, Ville d'Anaunia, Comunità della Val di Non, Provincia di Trento, Trentino-Alto Adige/Südtirol, 38012, Italia","Nanno, Ville d'Anaunia, Comunità della Val di Non, Provincia di Trento, Trentino-Alto Adige/Südtirol, 38012, Italia","Nanno, Ville d'Anaunia, Comunità della Val di Non, Provincia di Trento, Trentino-Alto Adige/Südtirol, 38012, Italia"
66,Porzana_cinerea,"Geelong, Australia","Melbourne, Australia","Launceston, Australia","Hobart, Australia",,,"Geelong, Victoria, 3220, Australia","Melbourne, City of Melbourne, Victoria, Australia","Launceston, City of Launceston, Tasmania, 7250, Australia","Hobart, City of Hobart, Tasmania, Australia","Nanno, Ville d'Anaunia, Comunità della Val di Non, Provincia di Trento, Trentino-Alto Adige/Südtirol, 38012, Italia","Nanno, Ville d'Anaunia, Comunità della Val di Non, Provincia di Trento, Trentino-Alto Adige/Südtirol, 38012, Italia"
67,Psittacula_krameri,"Kananga, Democratic Republic of Congo","Kamina, Democratic Republic of Congo","Likasi, Democratic Republic of Congo",,,,"Kananga, Lulua, Kasaï-Central, République démocratique du Congo","Kamina, Haut-Lomami, République démocratique du Congo","Likasi, Haut-Katanga, République démocratique du Congo","Nanno, Ville d'Anaunia, Comunità della Val di Non, Provincia di Trento, Trentino-Alto Adige/Südtirol, 38012, Italia","Nanno, Ville d'Anaunia, Comunità della Val di Non, Provincia di Trento, Trentino-Alto Adige/Südtirol, 38012, Italia","Nanno, Ville d'Anaunia, Comunità della Val di Non, Provincia di Trento, Trentino-Alto Adige/Südtirol, 38012, Italia"
68,Pycnonotus_sinensis,"Hat Yai, Thailand","Phuket, Thailand",,,,,"หาดใหญ่, ประเทศไทย","จังหวัดภูเก็ต, ประเทศไทย","Nanno, Ville d'Anaunia, Comunità della Val di Non, Provincia di Trento, Trentino-Alto Adige/Südtirol, 38012, Italia","Nanno, Ville d'Anaunia, Comunità della Val di Non, Provincia di Trento, Trentino-Alto Adige/Südtirol, 38012, Italia","Nanno, Ville d'Anaunia, Comunità della Val di Non, Provincia di Trento, Trentino-Alto Adige/Südtirol, 38012, Italia","Nanno, Ville d'Anaunia, Comunità della Val di Non, Provincia di Trento, Trentino-Alto Adige/Südtirol, 38012, Italia"
69,Spheniscus_humboldti,"Cajamarca, Peru","Moyobamba, Peru","Tarapoto, Peru","Iquitos, Peru",,,"Cajamarca, Perú","Moyobamba, San Martín, 22001, Perú","Tarapoto, San Martín, Perú","Iquitos, Maynas, Loreto, Perú","Nanno, Ville d'Anaunia, Comunità della Val di Non, Provincia di Trento, Trentino-Alto Adige/Südtirol, 38012, Italia","Nanno, Ville d'Anaunia, Comunità della Val di Non, Provincia di Trento, Trentino-Alto Adige/Südtirol, 38012, Italia"
70,Aceros_plicatus,"Lae, Papua New Guinea","Port Moresby, Papua New Guinea","Ende, Indonesia","Wangapu, Indonesia","Kupang, Indonesia",,"Lae, Lae District, Morobe, Momase Region, Papua Niugini","Port Moresby, National Capital District, Papua Region, 111, Papua Niugini","Ende, Nusa Tenggara Timur, Indonesia",,"Kupang, Nusa Tenggara Timur, Indonesia","Nanno, Ville d'Anaunia, Comunità della Val di Non, Provincia di Trento, Trentino-Alto Adige/Südtirol, 38012, Italia"
71,Anas_gracilis,"Queenstown, New Zealand","Invercargill, New Zealand","Dunedin, New Zealand",,,,"Queenstown, Queenstown-Lakes District, Otago, 9348, New Zealand / Aotearoa","Invercargill, Leven Street, Avenal, Invercargill City, Southland, 9810, New Zealand / Aotearoa","Dunedin, Dunedin City, Otago, 9016, New Zealand / Aotearoa","Nanno, Ville d'Anaunia, Comunità della Val di Non, Provincia di Trento, Trentino-Alto Adige/Südtirol, 38012, Italia","Nanno, Ville d'Anaunia, Comunità della Val di Non, Provincia di Trento, Trentino-Alto Adige/Südtirol, 38012, Italia","Nanno, Ville d'Anaunia, Comunità della Val di Non, Provincia di Trento, Trentino-Alto Adige/Südtirol, 38012, Italia"
72,Apteryx_owenii,"Queenstown, New Zealand","Invercargill, New Zealand","Dunedin, New Zealand",,,,"Queenstown, Queenstown-Lakes District, Otago, 9348, New Zealand / Aotearoa","Invercargill, Leven Street, Avenal, Invercargill City, Southland, 9810, New Zealand / Aotearoa","Dunedin, Dunedin City, Otago, 9016, New Zealand / Aotearoa","Nanno, Ville d'Anaunia, Comunità della Val di Non, Provincia di Trento, Trentino-Alto Adige/Südtirol, 38012, Italia","Nanno, Ville d'Anaunia, Comunità della Val di Non, Provincia di Trento, Trentino-Alto Adige/Südtirol, 38012, Italia","Nanno, Ville d'Anaunia, Comunità della Val di Non, Provincia di Trento, Trentino-Alto Adige/Südtirol, 38012, Italia"
73,Aulacorhynchus_prasinus,"Santa Cruz de la Sierra, Mexico","Cochabamba, Mexico","La Paz, Mexico",,,,"Santa Cruz de la Sierra, Las Américas II, Fraccionamiento Las Américas, Ecatepec de Morelos, Estado de México, 55070, México","México, Avenida Ayacucho, Barba de Padilla, Cochabamba, Cercado, Cochabamba, 5095, Bolivia","La Paz, Estado de México, México","Nanno, Ville d'Anaunia, Comunità della Val di Non, Provincia di Trento, Trentino-Alto Adige/Südtirol, 38012, Italia","Nanno, Ville d'Anaunia, Comunità della Val di Non, Provincia di Trento, Trentino-Alto Adige/Südtirol, 38012, Italia","Nanno, Ville d'Anaunia, Comunità della Val di Non, Provincia di Trento, Trentino-Alto Adige/Südtirol, 38012, Italia"
74,Aythya_novaeseelandiae,"Queenstown, New Zealand","Invercargill, New Zealand","Dunedin, New Zealand",,,,"Queenstown, Queenstown-Lakes District, Otago, 9348, New Zealand / Aotearoa","Invercargill, Leven Street, Avenal, Invercargill City, Southland, 9810, New Zealand / Aotearoa","Dunedin, Dunedin City, Otago, 9016, New Zealand / Aotearoa","Nanno, Ville d'Anaunia, Comunità della Val di Non, Provincia di Trento, Trentino-Alto Adige/Südtirol, 38012, Italia","Nanno, Ville d'Anaunia, Comunità della Val di Non, Provincia di Trento, Trentino-Alto Adige/Südtirol, 38012, Italia","Nanno, Ville d'Anaunia, Comunità della Val di Non, Provincia di Trento, Trentino-Alto Adige/Südtirol, 38012, Italia"
75,Caloenas_nicobarica,"Lae, Papua New Guinea","Port Moresby, Papua New Guinea",,,,,"Lae, Lae District, Morobe, Momase Region, Papua Niugini","Port Moresby, National Capital District, Papua Region, 111, Papua Niugini","Nanno, Ville d'Anaunia, Comunità della Val di Non, Provincia di Trento, Trentino-Alto Adige/Südtirol, 38012, Italia","Nanno, Ville d'Anaunia, Comunità della Val di Non, Provincia di Trento, Trentino-Alto Adige/Südtirol, 38012, Italia","Nanno, Ville d'Anaunia, Comunità della Val di Non, Provincia di Trento, Trentino-Alto Adige/Südtirol, 38012, Italia","Nanno, Ville d'Anaunia, Comunità della Val di Non, Provincia di Trento, Trentino-Alto Adige/Südtirol, 38012, Italia"
76,Dacelo_novaeguineae,"Geelong, Australia","Melbourne, Australia","Launceston, Australia","Hobart, Australia",,,"Geelong, Victoria, 3220, Australia","Melbourne, City of Melbourne, Victoria, Australia","Launceston, City of Launceston, Tasmania, 7250, Australia","Hobart, City of Hobart, Tasmania, Australia","Nanno, Ville d'Anaunia, Comunità della Val di Non, Provincia di Trento, Trentino-Alto Adige/Südtirol, 38012, Italia","Nanno, Ville d'Anaunia, Comunità della Val di Non, Provincia di Trento, Trentino-Alto Adige/Südtirol, 38012, Italia"
77,Ducula_pinon,"Lae, Papua New Guinea","Port Moresby, Papua New Guinea","Ende, Indonesia","Wangapu, Indonesia","Kupang, Indonesia",,"Lae, Lae District, Morobe, Momase Region, Papua Niugini","Port Moresby, National Capital District, Papua Region, 111, Papua Niugini","Ende, Nusa Tenggara Timur, Indonesia",,"Kupang, Nusa Tenggara Timur, Indonesia","Nanno, Ville d'Anaunia, Comunità della Val di Non, Provincia di Trento, Trentino-Alto Adige/Südtirol, 38012, Italia"
78,Ducula_radiata,"Lae, Papua New Guinea","Port Moresby, Papua New Guinea","Ende, Indonesia","Wangapu, Indonesia","Kupang, Indonesia",,"Lae, Lae District, Morobe, Momase Region, Papua Niugini","Port Moresby, National Capital District, Papua Region, 111, Papua Niugini","Ende, Nusa Tenggara Timur, Indonesia",,"Kupang, Nusa Tenggara Timur, Indonesia","Nanno, Ville d'Anaunia, Comunità della Val di Non, Provincia di Trento, Trentino-Alto Adige/Südtirol, 38012, Italia"
79,Gallinula_tenebrosa,"Geelong, Australia","Melbourne, Australia","Launceston, Australia","Hobart, Australia",,,"Geelong, Victoria, 3220, Australia","Melbourne, City of Melbourne, Victoria, Australia","Launceston, City of Launceston, Tasmania, 7250, Australia","Hobart, City of Hobart, Tasmania, Australia","Nanno, Ville d'Anaunia, Comunità della Val di Non, Provincia di Trento, Trentino-Alto Adige/Südtirol, 38012, Italia","Nanno, Ville d'Anaunia, Comunità della Val di Non, Provincia di Trento, Trentino-Alto Adige/Südtirol, 38012, Italia"
80,Tibonyx_ventralis,"Canberra, Australia","Geelong, Australia","Adelaide, Australia","Melbourne, Australia",,,"Canberra, District of Canberra Central, Australian Capital Territory, 2600, Australia","Geelong, Victoria, 3220, Australia","Adelaide, Adelaide City Council, South Australia, Australia","Melbourne, City of Melbourne, Victoria, Australia","Nanno, Ville d'Anaunia, Comunità della Val di Non, Provincia di Trento, Trentino-Alto Adige/Südtirol, 38012, Italia","Nanno, Ville d'Anaunia, Comunità della Val di Non, Provincia di Trento, Trentino-Alto Adige/Südtirol, 38012, Italia"
81,Gallirallus_australis_hectori,"Tuatapere, New Zealand",,,,,,"Tuatapere, Tuatapere Te Waewae Community, Southland District, Southland, 9620, New Zealand / Aotearoa","Nanno, Ville d'Anaunia, Comunità della Val di Non, Provincia di Trento, Trentino-Alto Adige/Südtirol, 38012, Italia","Nanno, Ville d'Anaunia, Comunità della Val di Non, Provincia di Trento, Trentino-Alto Adige/Südtirol, 38012, Italia","Nanno, Ville d'Anaunia, Comunità della Val di Non, Provincia di Trento, Trentino-Alto Adige/Südtirol, 38012, Italia","Nanno, Ville d'Anaunia, Comunità della Val di Non, Provincia di Trento, Trentino-Alto Adige/Südtirol, 38012, Italia","Nanno, Ville d'Anaunia, Comunità della Val di Non, Provincia di Trento, Trentino-Alto Adige/Südtirol, 38012, Italia"
82,Gallirallus_philippensis_assimilis,"Queenstown, New Zealand","Invercargill, New Zealand","Dunedin, New Zealand",,,,"Queenstown, Queenstown-Lakes District, Otago, 9348, New Zealand / Aotearoa","Invercargill, Leven Street, Avenal, Invercargill City, Southland, 9810, New Zealand / Aotearoa","Dunedin, Dunedin City, Otago, 9016, New Zealand / Aotearoa","Nanno, Ville d'Anaunia, Comunità della Val di Non, Provincia di Trento, Trentino-Alto Adige/Südtirol, 38012, Italia","Nanno, Ville d'Anaunia, Comunità della Val di Non, Provincia di Trento, Trentino-Alto Adige/Südtirol, 38012, Italia","Nanno, Ville d'Anaunia, Comunità della Val di Non, Provincia di Trento, Trentino-Alto Adige/Südtirol, 38012, Italia"
83,Hymenolaimus_malacorhynchos,"Queenstown, New Zealand","Invercargill, New Zealand","Dunedin, New Zealand",,,,"Queenstown, Queenstown-Lakes District, Otago, 9348, New Zealand / Aotearoa","Invercargill, Leven Street, Avenal, Invercargill City, Southland, 9810, New Zealand / Aotearoa","Dunedin, Dunedin City, Otago, 9016, New Zealand / Aotearoa","Nanno, Ville d'Anaunia, Comunità della Val di Non, Provincia di Trento, Trentino-Alto Adige/Südtirol, 38012, Italia","Nanno, Ville d'Anaunia, Comunità della Val di Non, Provincia di Trento, Trentino-Alto Adige/Südtirol, 38012, Italia","Nanno, Ville d'Anaunia, Comunità della Val di Non, Provincia di Trento, Trentino-Alto Adige/Südtirol, 38012, Italia"
84,Leucosarcia_melanoleuca,"Geelong, Australia","Melbourne, Australia","Launceston, Australia","Hobart, Australia",,,"Geelong, Victoria, 3220, Australia","Melbourne, City of Melbourne, Victoria, Australia","Launceston, City of Launceston, Tasmania, 7250, Australia","Hobart, City of Hobart, Tasmania, Australia","Nanno, Ville d'Anaunia, Comunità della Val di Non, Provincia di Trento, Trentino-Alto Adige/Südtirol, 38012, Italia","Nanno, Ville d'Anaunia, Comunità della Val di Non, Provincia di Trento, Trentino-Alto Adige/Südtirol, 38012, Italia"
85,Podiceps_nigricollis,"Oaxaca, Mexico",,,,,,"Oaxaca, México","Nanno, Ville d'Anaunia, Comunità della Val di Non, Provincia di Trento, Trentino-Alto Adige/Südtirol, 38012, Italia","Nanno, Ville d'Anaunia, Comunità della Val di Non, Provincia di Trento, Trentino-Alto Adige/Südtirol, 38012, Italia","Nanno, Ville d'Anaunia, Comunità della Val di Non, Provincia di Trento, Trentino-Alto Adige/Südtirol, 38012, Italia","Nanno, Ville d'Anaunia, Comunità della Val di Non, Provincia di Trento, Trentino-Alto Adige/Südtirol, 38012, Italia","Nanno, Ville d'Anaunia, Comunità della Val di Non, Provincia di Trento, Trentino-Alto Adige/Südtirol, 38012, Italia"
86,Pteroglossus_aracari,"Campos, Brasil","Teresopolis, Brasil","Nova Friburgo, Brasil","Rio de Janeiro, Brasil",,,"Campos dos Goytacazes, Região Geográfica Imediata de Campos dos Goytacazes, Região Geográfica Intermediária de Campos dos Goytacazes, Rio de Janeiro, Região Sudeste, Brasil","Teresópolis, Região Geográfica Imediata de Petrópolis, Região Geográfica Intermediária de Petrópolis, Rio de Janeiro, Região Sudeste, Brasil","Nova Friburgo, Região Geográfica Imediata de Nova Friburgo, Região Geográfica Intermediária de Petrópolis, Rio de Janeiro, Região Sudeste, 28610-175, Brasil","Rio de Janeiro, Região Geográfica Imediata do Rio de Janeiro, Região Metropolitana do Rio de Janeiro, Região Geográfica Intermediária do Rio de Janeiro, Rio de Janeiro, Região Sudeste, Brasil","Nanno, Ville d'Anaunia, Comunità della Val di Non, Provincia di Trento, Trentino-Alto Adige/Südtirol, 38012, Italia","Nanno, Ville d'Anaunia, Comunità della Val di Non, Provincia di Trento, Trentino-Alto Adige/Südtirol, 38012, Italia"
87,Baillonius_bailloni,"Trelew, Argentina","Comodoro Rivadavia, Argentina","Rio Gallegos, Argentina",,,,"Trelew, Municipio de Trelew, Departamento Rawson, Chubut, U9100, Argentina","Comodoro Rivadavia, Jardín, Río Gallegos, Municipio de Río Gallegos, Güer Aike, Santa Cruz, ´9400, Argentina","Río Gallegos, Municipio de Río Gallegos, Güer Aike, Santa Cruz, Argentina","Nanno, Ville d'Anaunia, Comunità della Val di Non, Provincia di Trento, Trentino-Alto Adige/Südtirol, 38012, Italia","Nanno, Ville d'Anaunia, Comunità della Val di Non, Provincia di Trento, Trentino-Alto Adige/Südtirol, 38012, Italia","Nanno, Ville d'Anaunia, Comunità della Val di Non, Provincia di Trento, Trentino-Alto Adige/Südtirol, 38012, Italia"
88,Ramphastos_dicolorus,"Cachoeria do Sul, Brasil","Santa Maria, Brasil","Sao Leopoldo, Brasil","Porto Alegre, Brasil",,,"Cachoeria da Rapadura, Baús, Costa Rica, Região Geográfica Imediata de Coxim, Região Geográfica Intermediária de Campo Grande, Mato Grosso do Sul, Região Centro-Oeste, Brasil","Santa Maria, Região Geográfica Imediata de Santa Maria, Região Geográfica Intermediária de Santa Maria, Rio Grande do Sul, 97010-540, Brasil","São Leopoldo, Região Geográfica Imediata de Novo Hamburgo - São Leopoldo, Região Metropolitana de Porto Alegre, Região Geográfica Intermediária de Porto Alegre, Rio Grande do Sul, Brasil","Porto Alegre, Região Geográfica Imediata de Porto Alegre, Região Metropolitana de Porto Alegre, Região Geográfica Intermediária de Porto Alegre, Rio Grande do Sul, 90010-300, Brasil","Nanno, Ville d'Anaunia, Comunità della Val di Non, Provincia di Trento, Trentino-Alto Adige/Südtirol, 38012, Italia","Nanno, Ville d'Anaunia, Comunità della Val di Non, Provincia di Trento, Trentino-Alto Adige/Südtirol, 38012, Italia"
89,Ramphastos_toco,"Cachoeria do Sul, Brasil","Santa Maria, Brasil","Sao Leopoldo, Brasil","Porto Alegre, Brasil",,,"Cachoeria da Rapadura, Baús, Costa Rica, Região Geográfica Imediata de Coxim, Região Geográfica Intermediária de Campo Grande, Mato Grosso do Sul, Região Centro-Oeste, Brasil","Santa Maria, Região Geográfica Imediata de Santa Maria, Região Geográfica Intermediária de Santa Maria, Rio Grande do Sul, 97010-540, Brasil","São Leopoldo, Região Geográfica Imediata de Novo Hamburgo - São Leopoldo, Região Metropolitana de Porto Alegre, Região Geográfica Intermediária de Porto Alegre, Rio Grande do Sul, Brasil","Porto Alegre, Região Geográfica Imediata de Porto Alegre, Região Metropolitana de Porto Alegre, Região Geográfica Intermediária de Porto Alegre, Rio Grande do Sul, 90010-300, Brasil","Nanno, Ville d'Anaunia, Comunità della Val di Non, Provincia di Trento, Trentino-Alto Adige/Südtirol, 38012, Italia","Nanno, Ville d'Anaunia, Comunità della Val di Non, Provincia di Trento, Trentino-Alto Adige/Südtirol, 38012, Italia"
90,Trachyphonus_darnaudii,"Iringa, Tanzania","Mbeya, Tanzania","Songea, Tanzania","Mtwara, Tanzania",,,"Iringa, Southern Highlands Zone, Tanzania","Mbeya, Southern Highlands Zone, Tanzania","Songea, Ruvuma, Southern Highlands Zone, Tanzania","Mtwara, Coastal Zone, Tanzania","Nanno, Ville d'Anaunia, Comunità della Val di Non, Provincia di Trento, Trentino-Alto Adige/Südtirol, 38012, Italia","Nanno, Ville d'Anaunia, Comunità della Val di Non, Provincia di Trento, Trentino-Alto Adige/Südtirol, 38012, Italia"
91,Coturnix_chinensis,"Geelong, Australia","Melbourne, Australia",,,,,"Geelong, Victoria, 3220, Australia","Melbourne, City of Melbourne, Victoria, Australia","Nanno, Ville d'Anaunia, Comunità della Val di Non, Provincia di Trento, Trentino-Alto Adige/Südtirol, 38012, Italia","Nanno, Ville d'Anaunia, Comunità della Val di Non, Provincia di Trento, Trentino-Alto Adige/Südtirol, 38012, Italia","Nanno, Ville d'Anaunia, Comunità della Val di Non, Provincia di Trento, Trentino-Alto Adige/Südtirol, 38012, Italia","Nanno, Ville d'Anaunia, Comunità della Val di Non, Provincia di Trento, Trentino-Alto Adige/Südtirol, 38012, Italia"
92,Perdix_perdix,"Idaho Falls, Idaho","Pocatello, Idaho","Twin Falls, Idaho",,,,"Idaho Falls, Bonneville County, Idaho, United States","Pocatello, Bannock County, Idaho, United States","Twin Falls, Twin Falls County, Idaho, 83301, United States","Nanno, Ville d'Anaunia, Comunità della Val di Non, Provincia di Trento, Trentino-Alto Adige/Südtirol, 38012, Italia","Nanno, Ville d'Anaunia, Comunità della Val di Non, Provincia di Trento, Trentino-Alto Adige/Südtirol, 38012, Italia","Nanno, Ville d'Anaunia, Comunità della Val di Non, Provincia di Trento, Trentino-Alto Adige/Südtirol, 38012, Italia"
93,Phasianus_cholchicus,"Wichita, US","Lubbock, US","Amarillo, US",,,,"Wichita, Sedgwick County, Kansas, United States","Lubbock, Lubbock County, Texas, United States","Amarillo, Potter County, Texas, United States","Nanno, Ville d'Anaunia, Comunità della Val di Non, Provincia di Trento, Trentino-Alto Adige/Südtirol, 38012, Italia","Nanno, Ville d'Anaunia, Comunità della Val di Non, Provincia di Trento, Trentino-Alto Adige/Südtirol, 38012, Italia","Nanno, Ville d'Anaunia, Comunità della Val di Non, Provincia di Trento, Trentino-Alto Adige/Südtirol, 38012, Italia"
94,Oena_capensis,"East London, South Africa","George, South Africa","Durban, South Africa","Gqeberha, South Africa","Cape Town, South Africa",,"East London, Buffalo City Metropolitan Municipality, Eastern Cape, 5201, South Africa","George, George Local Municipality, Garden Route District Municipality, Western Cape, 6529, South Africa","Durban, eThekwini Metropolitan Municipality, KwaZulu-Natal, 4057, South Africa","Port Elizabeth, Nelson Mandela Bay Metropolitan Municipality, Eastern Cape, 6006, South Africa","Cape Town, City of Cape Town, Western Cape, 8001, South Africa","Nanno, Ville d'Anaunia, Comunità della Val di Non, Provincia di Trento, Trentino-Alto Adige/Südtirol, 38012, Italia"
95,Poecile_atricapillus,"Colorado Springs, Colorado","Denver, Colorado","Pueblo, Colorado","Santa Fe, New Mexico",,,"Colorado Springs, El Paso County, Colorado, United States","Denver, Denver County, Colorado, United States","Pueblo, Pueblo County, Colorado, United States","Santa Fe, Santa Fe County, New Mexico, United States","Nanno, Ville d'Anaunia, Comunità della Val di Non, Provincia di Trento, Trentino-Alto Adige/Südtirol, 38012, Italia","Nanno, Ville d'Anaunia, Comunità della Val di Non, Provincia di Trento, Trentino-Alto Adige/Südtirol, 38012, Italia"
96,Nyctea_scandiaca,"Churchill, Manitoba",,,,,,"Churchill, Manitoba, Canada","Nanno, Ville d'Anaunia, Comunità della Val di Non, Provincia di Trento, Trentino-Alto Adige/Südtirol, 38012, Italia","Nanno, Ville d'Anaunia, Comunità della Val di Non, Provincia di Trento, Trentino-Alto Adige/Südtirol, 38012, Italia","Nanno, Ville d'Anaunia, Comunità della Val di Non, Provincia di Trento, Trentino-Alto Adige/Südtirol, 38012, Italia","Nanno, Ville d'Anaunia, Comunità della Val di Non, Provincia di Trento, Trentino-Alto Adige/Südtirol, 38012, Italia","Nanno, Ville d'Anaunia, Comunità della Val di Non, Provincia di Trento, Trentino-Alto Adige/Südtirol, 38012, Italia"
97,Cyanoliseus_patagonus,"Santa Rosa, Argentina","Trelew, Argentina","Comodoro Rivadavia, Argentina",,,,"Municipio de Santa Rosa, Departamento Capital, La Pampa, Argentina","Trelew, Municipio de Trelew, Departamento Rawson, Chubut, U9100, Argentina","Comodoro Rivadavia, Jardín, Río Gallegos, Municipio de Río Gallegos, Güer Aike, Santa Cruz, ´9400, Argentina","Nanno, Ville d'Anaunia, Comunità della Val di Non, Provincia di Trento, Trentino-Alto Adige/Südtirol, 38012, Italia","Nanno, Ville d'Anaunia, Comunità della Val di Non, Provincia di Trento, Trentino-Alto Adige/Südtirol, 38012, Italia","Nanno, Ville d'Anaunia, Comunità della Val di Non, Provincia di Trento, Trentino-Alto Adige/Südtirol, 38012, Italia"
98,Cardinalis_cardinalis,"Zihuatanejo, Mexico","Acapulco, Mexico",,,,,"Zihuatanejo, Zihuatanejo de Azueta, Guerrero, 40880, México","Acapulco, Acapulco de Juárez, Guerrero, 39300, México","Nanno, Ville d'Anaunia, Comunità della Val di Non, Provincia di Trento, Trentino-Alto Adige/Südtirol, 38012, Italia","Nanno, Ville d'Anaunia, Comunità della Val di Non, Provincia di Trento, Trentino-Alto Adige/Südtirol, 38012, Italia","Nanno, Ville d'Anaunia, Comunità della Val di Non, Provincia di Trento, Trentino-Alto Adige/Südtirol, 38012, Italia","Nanno, Ville d'Anaunia, Comunità della Val di Non, Provincia di Trento, Trentino-Alto Adige/Südtirol, 38012, Italia"
99,Callipepla_squamata,"Saltillo, Mexico","Monterrey, Mexico",,,,,"Saltillo, Coahuila de Zaragoza, 25000, México","Monterrey, Nuevo León, 64570, México","Nanno, Ville d'Anaunia, Comunità della Val di Non, Provincia di Trento, Trentino-Alto Adige/Südtirol, 38012, Italia","Nanno, Ville d'Anaunia, Comunità della Val di Non, Provincia di Trento, Trentino-Alto Adige/Südtirol, 38012, Italia","Nanno, Ville d'Anaunia, Comunità della Val di Non, Provincia di Trento, Trentino-Alto Adige/Südtirol, 38012, Italia","Nanno, Ville d'Anaunia, Comunità della Val di Non, Provincia di Trento, Trentino-Alto Adige/Südtirol, 38012, Italia"
100,Onychognathus_tristramii,"Jerusalem, ","Be'er Sheva, Israel","Tiberias, Israel",,,,"ירושלים, נפת ירושלים, מחוז ירושלים, ישראל","באר שבע, נפת באר שבע, מחוז הדרום, ישראל","טבריה, נפת כנרת, מחוז הצפון, 1424224, ישראל","Nanno, Ville d'Anaunia, Comunità della Val di Non, Provincia di Trento, Trentino-Alto Adige/Südtirol, 38012, Italia","Nanno, Ville d'Anaunia, Comunità della Val di Non, Provincia di Trento, Trentino-Alto Adige/Südtirol, 38012, Italia","Nanno, Ville d'Anaunia, Comunità della Val di Non, Provincia di Trento, Trentino-Alto Adige/Südtirol, 38012, Italia"
101,Selenidera_maculirostris,"Tubarao, Brazil","Criciuma, Brazil",,,,,"Tubarão, Região Geográfica Imediata de Tubarão, Região Geográfica Intermediária de Criciúma, Santa Catarina, 88704-410, Brasil","Criciúma, Região Geográfica Imediata de Criciúma, Região Geográfica Intermediária de Criciúma, Santa Catarina, 88801-045, Brasil","Nanno, Ville d'Anaunia, Comunità della Val di Non, Provincia di Trento, Trentino-Alto Adige/Südtirol, 38012, Italia","Nanno, Ville d'Anaunia, Comunità della Val di Non, Provincia di Trento, Trentino-Alto Adige/Südtirol, 38012, Italia","Nanno, Ville d'Anaunia, Comunità della Val di Non, Provincia di Trento, Trentino-Alto Adige/Südtirol, 38012, Italia","Nanno, Ville d'Anaunia, Comunità della Val di Non, Provincia di Trento, Trentino-Alto Adige/Südtirol, 38012, Italia"
102,Porphyrio_melanotus,"Queenstown, New Zealand","Invercargill, New Zealand","Dunedin, New Zealand",,,,"Queenstown, Queenstown-Lakes District, Otago, 9348, New Zealand / Aotearoa","Invercargill, Leven Street, Avenal, Invercargill City, Southland, 9810, New Zealand / Aotearoa","Dunedin, Dunedin City, Otago, 9016, New Zealand / Aotearoa","Nanno, Ville d'Anaunia, Comunità della Val di Non, Provincia di Trento, Trentino-Alto Adige/Südtirol, 38012, Italia","Nanno, Ville d'Anaunia, Comunità della Val di Non, Provincia di Trento, Trentino-Alto Adige/Südtirol, 38012, Italia","Nanno, Ville d'Anaunia, Comunità della Val di Non, Provincia di Trento, Trentino-Alto Adige/Südtirol, 38012, Italia"
103,Anas_chlorotis,"South Island, New zealand",,,,,,"South Island, New Zealand / Aotearoa","Nanno, Ville d'Anaunia, Comunità della Val di Non, Provincia di Trento, Trentino-Alto Adige/Südtirol, 38012, Italia","Nanno, Ville d'Anaunia, Comunità della Val di Non, Provincia di Trento, Trentino-Alto Adige/Südtirol, 38012, Italia","Nanno, Ville d'Anaunia, Comunità della Val di Non, Provincia di Trento, Trentino-Alto Adige/Südtirol, 38012, Italia","Nanno, Ville d'Anaunia, Comunità della Val di Non, Provincia di Trento, Trentino-Alto Adige/Südtirol, 38012, Italia","Nanno, Ville d'Anaunia, Comunità della Val di Non, Provincia di Trento, Trentino-Alto Adige/Südtirol, 38012, Italia"
104,Ptilinopus_melanospila,"Denpasar, Indonesia","Bima, Indonesia","Ende, Indonesia","Waingapu, Indonesia",,,"Denpasar, Bali, Indonesia","Kabupaten Bima, Nusa Tenggara Barat, 84171, Indonesia","Ende, Nusa Tenggara Timur, Indonesia","Waingapu, Kelurahan Matawai, Kecamatan Kota Waingapu, Sumba Timur, Nusa Tenggara Timur, 87111, Indonesia","Nanno, Ville d'Anaunia, Comunità della Val di Non, Provincia di Trento, Trentino-Alto Adige/Südtirol, 38012, Italia","Nanno, Ville d'Anaunia, Comunità della Val di Non, Provincia di Trento, Trentino-Alto Adige/Südtirol, 38012, Italia"
105,Ptilinopus_perlatus,"Lae, Papua New Guinea","Port Moresby, Papua New Guinea",,,,,"Lae, Lae District, Morobe, Momase Region, Papua Niugini","Port Moresby, National Capital District, Papua Region, 111, Papua Niugini","Nanno, Ville d'Anaunia, Comunità della Val di Non, Provincia di Trento, Trentino-Alto Adige/Südtirol, 38012, Italia","Nanno, Ville d'Anaunia, Comunità della Val di Non, Provincia di Trento, Trentino-Alto Adige/Südtirol, 38012, Italia","Nanno, Ville d'Anaunia, Comunità della Val di Non, Provincia di Trento, Trentino-Alto Adige/Südtirol, 38012, Italia","Nanno, Ville d'Anaunia, Comunità della Val di Non, Provincia di Trento, Trentino-Alto Adige/Südtirol, 38012, Italia"
106,Ducula_rufigaster,"Lae, Papua New Guinea","Port Moresby, Papua New Guinea",,,,,"Lae, Lae District, Morobe, Momase Region, Papua Niugini","Port Moresby, National Capital District, Papua Region, 111, Papua Niugini","Nanno, Ville d'Anaunia, Comunità della Val di Non, Provincia di Trento, Trentino-Alto Adige/Südtirol, 38012, Italia","Nanno, Ville d'Anaunia, Comunità della Val di Non, Provincia di Trento, Trentino-Alto Adige/Südtirol, 38012, Italia","Nanno, Ville d'Anaunia, Comunità della Val di Non, Provincia di Trento, Trentino-Alto Adige/Südtirol, 38012, Italia","Nanno, Ville d'Anaunia, Comunità della Val di Non, Provincia di Trento, Trentino-Alto Adige/Südtirol, 38012, Italia"
107,Dryobates_pubescens,"Fort Lauderdale, FL","West Palm Beach, FL","Tampa, FL","Miami, FL",,,"Fort Lauderdale, Broward County, Florida, United States","West Palm Beach, Palm Beach County, Florida, United States","Tampa, Hillsborough County, Florida, United States","Miami, Miami-Dade County, Florida, United States","Nanno, Ville d'Anaunia, Comunità della Val di Non, Provincia di Trento, Trentino-Alto Adige/Südtirol, 38012, Italia","Nanno, Ville d'Anaunia, Comunità della Val di Non, Provincia di Trento, Trentino-Alto Adige/Südtirol, 38012, Italia"
108,Baeolophus_bicolor,"Orlando, US","Tampa, US","Fort Myers, US","Miami, US",,,"Orlando, Orange County, Florida, United States","Tampa, Hillsborough County, Florida, United States","Fort Myers, Lee County, Florida, United States","Miami, Miami-Dade County, Florida, United States","Nanno, Ville d'Anaunia, Comunità della Val di Non, Provincia di Trento, Trentino-Alto Adige/Südtirol, 38012, Italia","Nanno, Ville d'Anaunia, Comunità della Val di Non, Provincia di Trento, Trentino-Alto Adige/Südtirol, 38012, Italia"
109,Gymnopithys_bicolor,"Moyobamba, Peru","Tarapoto, Peru",,,,,"Moyobamba, San Martín, 22001, Perú","Tarapoto, San Martín, Perú","Nanno, Ville d'Anaunia, Comunità della Val di Non, Provincia di Trento, Trentino-Alto Adige/Südtirol, 38012, Italia","Nanno, Ville d'Anaunia, Comunità della Val di Non, Provincia di Trento, Trentino-Alto Adige/Südtirol, 38012, Italia","Nanno, Ville d'Anaunia, Comunità della Val di Non, Provincia di Trento, Trentino-Alto Adige/Südtirol, 38012, Italia","Nanno, Ville d'Anaunia, Comunità della Val di Non, Provincia di Trento, Trentino-Alto Adige/Südtirol, 38012, Italia"
110,Thamnophilus_atrinucha,"Quevedo, Ecuador","Santo Domingo, Ecuador","Machala, Ecuador",,,,"Quevedo, Los Ríos, Ecuador","Santo Domingo, Santo Domingo de los Tsáchilas, Ecuador","Machala, El Oro, Ecuador","Nanno, Ville d'Anaunia, Comunità della Val di Non, Provincia di Trento, Trentino-Alto Adige/Südtirol, 38012, Italia","Nanno, Ville d'Anaunia, Comunità della Val di Non, Provincia di Trento, Trentino-Alto Adige/Südtirol, 38012, Italia","Nanno, Ville d'Anaunia, Comunità della Val di Non, Provincia di Trento, Trentino-Alto Adige/Südtirol, 38012, Italia"
111,Thraupis_episcopus,"Porto Velho, Brasil","Ariquemes, Brasil","Riberalta, Bolivia",,,,"Porto Velho, Região Geográfica Imediata de Porto Velho, Região Geográfica Intermediária de Porto Velho, Rondônia, Região Norte, 76820-408, Brasil","Ariquemes, Região Geográfica Imediata de Ariquemes, Região Geográfica Intermediária de Porto Velho, Rondônia, Região Norte, 76873238, Brasil","Riberalta, Antonio Vaca Díez, Beni, 1909, Bolivia","Nanno, Ville d'Anaunia, Comunità della Val di Non, Provincia di Trento, Trentino-Alto Adige/Südtirol, 38012, Italia","Nanno, Ville d'Anaunia, Comunità della Val di Non, Provincia di Trento, Trentino-Alto Adige/Südtirol, 38012, Italia","Nanno, Ville d'Anaunia, Comunità della Val di Non, Provincia di Trento, Trentino-Alto Adige/Südtirol, 38012, Italia"
112,Poliocrania_exsul,"Palmira, Colombia","Cali, Colombia","Buenaventura, Colombia","Santa Domingo, Ecuador",,,"Palmira, Sur, Valle del Cauca, Pacífica, Colombia","Cali, Sur, Valle del Cauca, Pacífica, Colombia","Buenaventura, Pacífico, Valle del Cauca, Pacífica, Colombia","Santo Domingo, Santo Domingo de los Tsáchilas, Ecuador","Nanno, Ville d'Anaunia, Comunità della Val di Non, Provincia di Trento, Trentino-Alto Adige/Südtirol, 38012, Italia","Nanno, Ville d'Anaunia, Comunità della Val di Non, Provincia di Trento, Trentino-Alto Adige/Südtirol, 38012, Italia"
113,Turdus_grayi,"Monteria, Colombia","Bucaramanga, Colombia","Medellin, Colombia",,,,"Centro, Córdoba, Caribe, Colombia","Bucaramanga, Metropolitana, Santander, Región Andina, Colombia","Medellín, Valle de Aburrá, Antioquia, Región Andina, 0500, Colombia","Nanno, Ville d'Anaunia, Comunità della Val di Non, Provincia di Trento, Trentino-Alto Adige/Südtirol, 38012, Italia","Nanno, Ville d'Anaunia, Comunità della Val di Non, Provincia di Trento, Trentino-Alto Adige/Südtirol, 38012, Italia","Nanno, Ville d'Anaunia, Comunità della Val di Non, Provincia di Trento, Trentino-Alto Adige/Südtirol, 38012, Italia"
114,Xiphorhynchus_susurrans,"Ibague, Colombia","Villavicencio, Colombia","Bogota, Colombia",,,,"Ibagué, Centro, Tolima, Región Andina, 730001, Colombia","Villavicencio, Capital, Meta, Orinoquia, Colombia","Bogotá, Bogotá Distrito Capital, Región Andina, 11001, Colombia","Nanno, Ville d'Anaunia, Comunità della Val di Non, Provincia di Trento, Trentino-Alto Adige/Südtirol, 38012, Italia","Nanno, Ville d'Anaunia, Comunità della Val di Non, Provincia di Trento, Trentino-Alto Adige/Südtirol, 38012, Italia","Nanno, Ville d'Anaunia, Comunità della Val di Non, Provincia di Trento, Trentino-Alto Adige/Südtirol, 38012, Italia"
115,Ramphocelus_dimidiatus,"Ibague, Colombia","Neiva, Colombia","Palmira, Colombia","Cali, Colombia",,,"Ibagué, Centro, Tolima, Región Andina, 730001, Colombia","Neiva, Norte, Huila, Región Andina, Colombia","Palmira, Sur, Valle del Cauca, Pacífica, Colombia","Cali, Sur, Valle del Cauca, Pacífica, Colombia","Nanno, Ville d'Anaunia, Comunità della Val di Non, Provincia di Trento, Trentino-Alto Adige/Südtirol, 38012, Italia","Nanno, Ville d'Anaunia, Comunità della Val di Non, Provincia di Trento, Trentino-Alto Adige/Südtirol, 38012, Italia"
116,Cercomacroides_tyrannina,"Santarem, Brasil","Manaus, Brasil",,,,,"Santarém, Região Geográfica Imediata de Santarém, Região Geográfica Intermediária de Santarém, Pará, Região Norte, 68000-000, Brasil","Manaus, Região Geográfica Imediata de Manaus, Região Geográfica Intermediária de Manaus, Amazonas, Região Norte, 69000-000, Brasil","Nanno, Ville d'Anaunia, Comunità della Val di Non, Provincia di Trento, Trentino-Alto Adige/Südtirol, 38012, Italia","Nanno, Ville d'Anaunia, Comunità della Val di Non, Provincia di Trento, Trentino-Alto Adige/Südtirol, 38012, Italia","Nanno, Ville d'Anaunia, Comunità della Val di Non, Provincia di Trento, Trentino-Alto Adige/Südtirol, 38012, Italia","Nanno, Ville d'Anaunia, Comunità della Val di Non, Provincia di Trento, Trentino-Alto Adige/Südtirol, 38012, Italia"
117,Eucometis_penicillata,"Brasilia, Brasil","Goiania, Brasil","Uberlandia, Brasil","Belo Horizonte, Brasil",,,Brasil,"Goiânia, Região Geográfica Imediata de Goiânia, Região Geográfica Intermediária de Goiânia, Goiás, Região Centro-Oeste, 74013-010, Brasil","Uberlândia, Região Geográfica Imediata de Uberlândia, Região Geográfica Intermediária de Uberlândia, Minas Gerais, Região Sudeste, Brasil","Belo Horizonte, Região Geográfica Imediata de Belo Horizonte, Região Metropolitana de Belo Horizonte, Região Geográfica Intermediária de Belo Horizonte, Minas Gerais, Região Sudeste, 30170-110, Brasil","Nanno, Ville d'Anaunia, Comunità della Val di Non, Provincia di Trento, Trentino-Alto Adige/Südtirol, 38012, Italia","Nanno, Ville d'Anaunia, Comunità della Val di Non, Provincia di Trento, Trentino-Alto Adige/Südtirol, 38012, Italia"
118,Mionectes_oleagineus,"Ilheus, Brasil","Salvador, Brasil","Porto Seguro, Brasil","Vitoria, Brasil",,,"Ilhéus, Região Geográfica Imediata de Ilhéus – Itabuna, Região Geográfica Intermediária de Ilhéus-Itabuna, Bahia, Região Nordeste, Brasil","Salvador, Região Geográfica Imediata de Salvador, Região Metropolitana de Salvador, Região Geográfica Intermediária de Salvador, Bahia, Região Nordeste, Brasil","Porto Seguro, Região Geográfica Imediata de Eunápolis - Porto Seguro, Região Geográfica Intermediária de Ilhéus-Itabuna, Bahia, Região Nordeste, 45810-000, Brasil","Vitória, Região Geográfica Imediata de Vitória, Região Metropolitana da Grande Vitória, Região Geográfica Intermediária de Vitória, Espírito Santo, Região Sudeste, Brasil","Nanno, Ville d'Anaunia, Comunità della Val di Non, Provincia di Trento, Trentino-Alto Adige/Südtirol, 38012, Italia","Nanno, Ville d'Anaunia, Comunità della Val di Non, Provincia di Trento, Trentino-Alto Adige/Südtirol, 38012, Italia"
119,Thraupis_palmarum,"Florianopolis, Brasil","Porto Alegre, Brasil","Pelotas, Brasil",,,,"Florianópolis, Região Geográfica Imediata de Florianópolis, Região Geográfica Intermediária de Florianópolis, Santa Catarina, Brasil","Porto Alegre, Região Geográfica Imediata de Porto Alegre, Região Metropolitana de Porto Alegre, Região Geográfica Intermediária de Porto Alegre, Rio Grande do Sul, 90010-300, Brasil","Pelotas, Região Geográfica Imediata de Pelotas, Aglomeração Urbana do Sul, Região Geográfica Intermediária de Pelotas, Rio Grande do Sul, 96015-000, Brasil","Nanno, Ville d'Anaunia, Comunità della Val di Non, Provincia di Trento, Trentino-Alto Adige/Südtirol, 38012, Italia","Nanno, Ville d'Anaunia, Comunità della Val di Non, Provincia di Trento, Trentino-Alto Adige/Südtirol, 38012, Italia","Nanno, Ville d'Anaunia, Comunità della Val di Non, Provincia di Trento, Trentino-Alto Adige/Südtirol, 38012, Italia"
120,Dendrocincla_fuliginosa,"Trinidad, Bolivia","Primaver do Leste, Brasil","Cuiaba, Brasil",,,,"Trinidad, Provincia de Cercado, Beni, Bolivia",,"Cuiabá, Região Geográfica Imediata de Cuiabá, Região Geográfica Intermediária de Cuiabá, Mato Grosso, Região Centro-Oeste, Brasil","Nanno, Ville d'Anaunia, Comunità della Val di Non, Provincia di Trento, Trentino-Alto Adige/Südtirol, 38012, Italia","Nanno, Ville d'Anaunia, Comunità della Val di Non, Provincia di Trento, Trentino-Alto Adige/Südtirol, 38012, Italia","Nanno, Ville d'Anaunia, Comunità della Val di Non, Provincia di Trento, Trentino-Alto Adige/Südtirol, 38012, Italia"
121,Geotrygon_montana,"Curitiba, Brasil","Blumenau, Brasil","Florianopolis, Brasil",,,,"Curitiba, Região Geográfica Imediata de Curitiba, Região Metropolitana de Curitiba, Região Geográfica Intermediária de Curitiba, Paraná, 80020-110, Brasil","Blumenau, Região Geográfica Imediata de Blumenau, Região Geográfica Intermediária de Blumenau, Santa Catarina, 89000-020, Brasil","Florianópolis, Região Geográfica Imediata de Florianópolis, Região Geográfica Intermediária de Florianópolis, Santa Catarina, Brasil","Nanno, Ville d'Anaunia, Comunità della Val di Non, Provincia di Trento, Trentino-Alto Adige/Südtirol, 38012, Italia","Nanno, Ville d'Anaunia, Comunità della Val di Non, Provincia di Trento, Trentino-Alto Adige/Südtirol, 38012, Italia","Nanno, Ville d'Anaunia, Comunità della Val di Non, Provincia di Trento, Trentino-Alto Adige/Südtirol, 38012, Italia"
122,Thryophilus_rufalbus,"Barinas, Venezuela","Barrancabermeja, Colombia","Bucaramanga, Colombia",,,,"Barinas, Venezuela","Barrancabermeja, Yariguíes, Santander, Región Andina, 687031, Colombia","Bucaramanga, Metropolitana, Santander, Región Andina, Colombia","Nanno, Ville d'Anaunia, Comunità della Val di Non, Provincia di Trento, Trentino-Alto Adige/Südtirol, 38012, Italia","Nanno, Ville d'Anaunia, Comunità della Val di Non, Provincia di Trento, Trentino-Alto Adige/Südtirol, 38012, Italia","Nanno, Ville d'Anaunia, Comunità della Val di Non, Provincia di Trento, Trentino-Alto Adige/Südtirol, 38012, Italia"
123,Cyphorhinus_phaeocephalus,"Portoviejo, Ecuador","Manta, Ecuador",,,,,"Portoviejo, Manabí, Ecuador","Manta, Manabí, Ecuador","Nanno, Ville d'Anaunia, Comunità della Val di Non, Provincia di Trento, Trentino-Alto Adige/Südtirol, 38012, Italia","Nanno, Ville d'Anaunia, Comunità della Val di Non, Provincia di Trento, Trentino-Alto Adige/Südtirol, 38012, Italia","Nanno, Ville d'Anaunia, Comunità della Val di Non, Provincia di Trento, Trentino-Alto Adige/Südtirol, 38012, Italia","Nanno, Ville d'Anaunia, Comunità della Val di Non, Provincia di Trento, Trentino-Alto Adige/Südtirol, 38012, Italia"
124,Troglodytes_aedon,"Comodoro Rivadavia, Argentina","Rio Gallegos, Argentina","Punta Arenas, Chile",,,,"Comodoro Rivadavia, Jardín, Río Gallegos, Municipio de Río Gallegos, Güer Aike, Santa Cruz, ´9400, Argentina","Río Gallegos, Municipio de Río Gallegos, Güer Aike, Santa Cruz, Argentina","Punta Arenas, Provincia de Magallanes, Región de Magallanes y de la Antártica Chilena, Chile","Nanno, Ville d'Anaunia, Comunità della Val di Non, Provincia di Trento, Trentino-Alto Adige/Südtirol, 38012, Italia","Nanno, Ville d'Anaunia, Comunità della Val di Non, Provincia di Trento, Trentino-Alto Adige/Südtirol, 38012, Italia","Nanno, Ville d'Anaunia, Comunità della Val di Non, Provincia di Trento, Trentino-Alto Adige/Südtirol, 38012, Italia"
125,Euphonia_laniirostris,"Cuiaba, Brasil","Santa Cruz de la Sierra, Bolivia",,,,,"Cuiabá, Região Geográfica Imediata de Cuiabá, Região Geográfica Intermediária de Cuiabá, Mato Grosso, Região Centro-Oeste, Brasil","Santa Cruz de la Sierra, Municipio Santa Cruz de la Sierra, Provincia Andrés Ibáñez, Santa Cruz, 3212, Bolivia","Nanno, Ville d'Anaunia, Comunità della Val di Non, Provincia di Trento, Trentino-Alto Adige/Südtirol, 38012, Italia","Nanno, Ville d'Anaunia, Comunità della Val di Non, Provincia di Trento, Trentino-Alto Adige/Südtirol, 38012, Italia","Nanno, Ville d'Anaunia, Comunità della Val di Non, Provincia di Trento, Trentino-Alto Adige/Südtirol, 38012, Italia","Nanno, Ville d'Anaunia, Comunità della Val di Non, Provincia di Trento, Trentino-Alto Adige/Südtirol, 38012, Italia"
126,Callipepla_gambelii,"Hermosillo, Mexico","Chihuahua, Mexico","Ciudad Obregon, Mexico",,,,"Hermosillo, Sonora, 83140, México","Chihuahua, México","Ciudad Obregón, Cajeme, Sonora, 85000-85059, México","Nanno, Ville d'Anaunia, Comunità della Val di Non, Provincia di Trento, Trentino-Alto Adige/Südtirol, 38012, Italia","Nanno, Ville d'Anaunia, Comunità della Val di Non, Provincia di Trento, Trentino-Alto Adige/Südtirol, 38012, Italia","Nanno, Ville d'Anaunia, Comunità della Val di Non, Provincia di Trento, Trentino-Alto Adige/Südtirol, 38012, Italia"
127,Daptrius_ater,"Tangara de Serra, Brasil","Trinidad, Bolivia",,,,,"Tangará da Serra, Região Geográfica Imediata de Tangará da Serra, Região Geográfica Intermediária de Cuiabá, Mato Grosso, Região Centro-Oeste, Brasil","Trinidad, Provincia de Cercado, Beni, Bolivia","Nanno, Ville d'Anaunia, Comunità della Val di Non, Provincia di Trento, Trentino-Alto Adige/Südtirol, 38012, Italia","Nanno, Ville d'Anaunia, Comunità della Val di Non, Provincia di Trento, Trentino-Alto Adige/Südtirol, 38012, Italia","Nanno, Ville d'Anaunia, Comunità della Val di Non, Provincia di Trento, Trentino-Alto Adige/Südtirol, 38012, Italia","Nanno, Ville d'Anaunia, Comunità della Val di Non, Provincia di Trento, Trentino-Alto Adige/Südtirol, 38012, Italia"
128,Cyanerpes_cyaneus,"Ilheus, Brasil","Salvador, Brasil","Porto Seguro, Brasil","Vitoria, Brasil","Rio de Janeiro, Brasil",,"Ilhéus, Região Geográfica Imediata de Ilhéus – Itabuna, Região Geográfica Intermediária de Ilhéus-Itabuna, Bahia, Região Nordeste, Brasil","Salvador, Região Geográfica Imediata de Salvador, Região Metropolitana de Salvador, Região Geográfica Intermediária de Salvador, Bahia, Região Nordeste, Brasil","Porto Seguro, Região Geográfica Imediata de Eunápolis - Porto Seguro, Região Geográfica Intermediária de Ilhéus-Itabuna, Bahia, Região Nordeste, 45810-000, Brasil","Vitória, Região Geográfica Imediata de Vitória, Região Metropolitana da Grande Vitória, Região Geográfica Intermediária de Vitória, Espírito Santo, Região Sudeste, Brasil","Rio de Janeiro, Região Geográfica Imediata do Rio de Janeiro, Região Metropolitana do Rio de Janeiro, Região Geográfica Intermediária do Rio de Janeiro, Rio de Janeiro, Região Sudeste, Brasil","Nanno, Ville d'Anaunia, Comunità della Val di Non, Provincia di Trento, Trentino-Alto Adige/Südtirol, 38012, Italia"
129,Estrilda_melpoda,"Choma, Zambia","Mazabuka, Zambia","Lusaka, Zambia",,,,"Choma, Choma District, Southern Province, Zambia","Mazabuka, Mazabuka District, Southern Province, 670022, Zambia","Lusaka, Lusaka District, Lusaka Province, 10101, Zambia","Nanno, Ville d'Anaunia, Comunità della Val di Non, Provincia di Trento, Trentino-Alto Adige/Südtirol, 38012, Italia","Nanno, Ville d'Anaunia, Comunità della Val di Non, Provincia di Trento, Trentino-Alto Adige/Südtirol, 38012, Italia","Nanno, Ville d'Anaunia, Comunità della Val di Non, Provincia di Trento, Trentino-Alto Adige/Südtirol, 38012, Italia"
130,Glaucidium_gnoma_gnoma,"Chimaltenango, Guatemala","Guatemala, Guatemala","Tegucigalpa, Honduras",,,,"Chimaltenango, Guatemala",Guatemala,"Tegucigalpa, Distrito Central, Francisco Morazán, Honduras","Nanno, Ville d'Anaunia, Comunità della Val di Non, Provincia di Trento, Trentino-Alto Adige/Südtirol, 38012, Italia","Nanno, Ville d'Anaunia, Comunità della Val di Non, Provincia di Trento, Trentino-Alto Adige/Südtirol, 38012, Italia","Nanno, Ville d'Anaunia, Comunità della Val di Non, Provincia di Trento, Trentino-Alto Adige/Südtirol, 38012, Italia"
131,Guira_guira,"Trelew, Argentina","Comodoro Rivadavia, Argentina","Rio Gallegos, Argentina",,,,"Trelew, Municipio de Trelew, Departamento Rawson, Chubut, U9100, Argentina","Comodoro Rivadavia, Jardín, Río Gallegos, Municipio de Río Gallegos, Güer Aike, Santa Cruz, ´9400, Argentina","Río Gallegos, Municipio de Río Gallegos, Güer Aike, Santa Cruz, Argentina","Nanno, Ville d'Anaunia, Comunità della Val di Non, Provincia di Trento, Trentino-Alto Adige/Südtirol, 38012, Italia","Nanno, Ville d'Anaunia, Comunità della Val di Non, Provincia di Trento, Trentino-Alto Adige/Südtirol, 38012, Italia","Nanno, Ville d'Anaunia, Comunità della Val di Non, Provincia di Trento, Trentino-Alto Adige/Südtirol, 38012, Italia"
132,Haemorhous_mexicanus,"Oaxaca, Mexico","San Cristobal de las Casas, Mexico","Tuxtla Gutierrez, Mexico",,,,"Oaxaca, México","San Cristóbal de las Casas, Chiapas, México","Tuxtla Gutiérrez, Chiapas, 29000, México","Nanno, Ville d'Anaunia, Comunità della Val di Non, Provincia di Trento, Trentino-Alto Adige/Südtirol, 38012, Italia","Nanno, Ville d'Anaunia, Comunità della Val di Non, Provincia di Trento, Trentino-Alto Adige/Südtirol, 38012, Italia","Nanno, Ville d'Anaunia, Comunità della Val di Non, Provincia di Trento, Trentino-Alto Adige/Südtirol, 38012, Italia"
133,Hylophylax_naevioides,"Palmira, Colombia","Cali, Colombia","Buenaventura, Colombia","Santa Domingo, Ecuador",,,"Palmira, Sur, Valle del Cauca, Pacífica, Colombia","Cali, Sur, Valle del Cauca, Pacífica, Colombia","Buenaventura, Pacífico, Valle del Cauca, Pacífica, Colombia","Santo Domingo, Santo Domingo de los Tsáchilas, Ecuador","Nanno, Ville d'Anaunia, Comunità della Val di Non, Provincia di Trento, Trentino-Alto Adige/Südtirol, 38012, Italia","Nanno, Ville d'Anaunia, Comunità della Val di Non, Provincia di Trento, Trentino-Alto Adige/Südtirol, 38012, Italia"
134,Lagopus_leucura,"Taos, New Mexico",,,,,,"Taos, Taos County, New Mexico, 87571, United States","Nanno, Ville d'Anaunia, Comunità della Val di Non, Provincia di Trento, Trentino-Alto Adige/Südtirol, 38012, Italia","Nanno, Ville d'Anaunia, Comunità della Val di Non, Provincia di Trento, Trentino-Alto Adige/Südtirol, 38012, Italia","Nanno, Ville d'Anaunia, Comunità della Val di Non, Provincia di Trento, Trentino-Alto Adige/Südtirol, 38012, Italia","Nanno, Ville d'Anaunia, Comunità della Val di Non, Provincia di Trento, Trentino-Alto Adige/Südtirol, 38012, Italia","Nanno, Ville d'Anaunia, Comunità della Val di Non, Provincia di Trento, Trentino-Alto Adige/Südtirol, 38012, Italia"
135,Lanius_collaris,"East London, South Africa","George, South Africa","Durban, South Africa","Gqeberha, South Africa","Cape Town, South Africa",,"East London, Buffalo City Metropolitan Municipality, Eastern Cape, 5201, South Africa","George, George Local Municipality, Garden Route District Municipality, Western Cape, 6529, South Africa","Durban, eThekwini Metropolitan Municipality, KwaZulu-Natal, 4057, South Africa","Port Elizabeth, Nelson Mandela Bay Metropolitan Municipality, Eastern Cape, 6006, South Africa","Cape Town, City of Cape Town, Western Cape, 8001, South Africa","Nanno, Ville d'Anaunia, Comunità della Val di Non, Provincia di Trento, Trentino-Alto Adige/Südtirol, 38012, Italia"
136,Manacus_vitellinus,"Tulua, Colombia","Buga, Colombia","Buenaventura, Colombia","Cali, Colombia",,,"Tuluá, Centro, Valle del Cauca, Pacífica, 763021, Colombia","Buga, Centro, Valle del Cauca, Pacífica, 762001, Colombia","Buenaventura, Pacífico, Valle del Cauca, Pacífica, Colombia","Cali, Sur, Valle del Cauca, Pacífica, Colombia","Nanno, Ville d'Anaunia, Comunità della Val di Non, Provincia di Trento, Trentino-Alto Adige/Südtirol, 38012, Italia","Nanno, Ville d'Anaunia, Comunità della Val di Non, Provincia di Trento, Trentino-Alto Adige/Südtirol, 38012, Italia"
137,Megascops_asio,"Fort Lauderdale, FL","West Palm Beach, FL","Tampa, FL","Miami, FL",,,"Fort Lauderdale, Broward County, Florida, United States","West Palm Beach, Palm Beach County, Florida, United States","Tampa, Hillsborough County, Florida, United States","Miami, Miami-Dade County, Florida, United States","Nanno, Ville d'Anaunia, Comunità della Val di Non, Provincia di Trento, Trentino-Alto Adige/Südtirol, 38012, Italia","Nanno, Ville d'Anaunia, Comunità della Val di Non, Provincia di Trento, Trentino-Alto Adige/Südtirol, 38012, Italia"
138,Megascops_trichopsis,"Toluca, Mexico","Morelia, Mexico","Mexico City, Mexico",,,,"Toluca, Estado de México, 50150, México","Morelia, Michoacán de Ocampo, 58000, México","Ciudad de México, México","Nanno, Ville d'Anaunia, Comunità della Val di Non, Provincia di Trento, Trentino-Alto Adige/Südtirol, 38012, Italia","Nanno, Ville d'Anaunia, Comunità della Val di Non, Provincia di Trento, Trentino-Alto Adige/Südtirol, 38012, Italia","Nanno, Ville d'Anaunia, Comunità della Val di Non, Provincia di Trento, Trentino-Alto Adige/Südtirol, 38012, Italia"
139,Nectarinia_tacazze,"Kitale, Kenya","Nyeri, Kenya","Nakuru, Kenya",,,,"Kitale, Trans Nzoia, P.O. BOX 986 KITALE, Kenya","Nyeri, Central Kenya, Kenya","Nakuru, 20100, Kenya","Nanno, Ville d'Anaunia, Comunità della Val di Non, Provincia di Trento, Trentino-Alto Adige/Südtirol, 38012, Italia","Nanno, Ville d'Anaunia, Comunità della Val di Non, Provincia di Trento, Trentino-Alto Adige/Südtirol, 38012, Italia","Nanno, Ville d'Anaunia, Comunità della Val di Non, Provincia di Trento, Trentino-Alto Adige/Südtirol, 38012, Italia"
140,Neophema_pulchella,"Nowra, Australia","Canberra, Australia","Melbourne, Australia",,,,"Nowra, Shoalhaven City Council, New South Wales, 2541, Australia","Canberra, District of Canberra Central, Australian Capital Territory, 2600, Australia","Melbourne, City of Melbourne, Victoria, Australia","Nanno, Ville d'Anaunia, Comunità della Val di Non, Provincia di Trento, Trentino-Alto Adige/Südtirol, 38012, Italia","Nanno, Ville d'Anaunia, Comunità della Val di Non, Provincia di Trento, Trentino-Alto Adige/Südtirol, 38012, Italia","Nanno, Ville d'Anaunia, Comunità della Val di Non, Provincia di Trento, Trentino-Alto Adige/Südtirol, 38012, Italia"
141,Onychognathus_morio,"Potchefstroom, South Africa","Klerksdorp, South Africa","Welkom, South Africa","Kimberley, South Africa",,,"Potchefstroom, Tlokwe Local Municipality, Potchefstroom, North West, 2520, South Africa","Klerksdorp, Matlosana Local Municipality, Dr Kenneth Kaunda District Municipality, North West, 2571, South Africa","Welkom, Matjhabeng Local Municipality, Lejweleputswa District Municipality, Free State, 9460, South Africa","Kimberley, Sol Plaatje Local Municipality, Frances Baard District Municipality, Northern Cape, South Africa","Nanno, Ville d'Anaunia, Comunità della Val di Non, Provincia di Trento, Trentino-Alto Adige/Südtirol, 38012, Italia","Nanno, Ville d'Anaunia, Comunità della Val di Non, Provincia di Trento, Trentino-Alto Adige/Südtirol, 38012, Italia"
142,Passer_domesticus,"Trelew, Argentina","Comodoro Rivadavia, Argentina","Rio Gallegos, Argentina",,,,"Trelew, Municipio de Trelew, Departamento Rawson, Chubut, U9100, Argentina","Comodoro Rivadavia, Jardín, Río Gallegos, Municipio de Río Gallegos, Güer Aike, Santa Cruz, ´9400, Argentina","Río Gallegos, Municipio de Río Gallegos, Güer Aike, Santa Cruz, Argentina","Nanno, Ville d'Anaunia, Comunità della Val di Non, Provincia di Trento, Trentino-Alto Adige/Südtirol, 38012, Italia","Nanno, Ville d'Anaunia, Comunità della Val di Non, Provincia di Trento, Trentino-Alto Adige/Südtirol, 38012, Italia","Nanno, Ville d'Anaunia, Comunità della Val di Non, Provincia di Trento, Trentino-Alto Adige/Südtirol, 38012, Italia"
143,Porphyrio_porphyrio,"Queenstown, New Zealand","Invercargill, New Zealand","Dunedin, New Zealand",,,,"Queenstown, Queenstown-Lakes District, Otago, 9348, New Zealand / Aotearoa","Invercargill, Leven Street, Avenal, Invercargill City, Southland, 9810, New Zealand / Aotearoa","Dunedin, Dunedin City, Otago, 9016, New Zealand / Aotearoa","Nanno, Ville d'Anaunia, Comunità della Val di Non, Provincia di Trento, Trentino-Alto Adige/Südtirol, 38012, Italia","Nanno, Ville d'Anaunia, Comunità della Val di Non, Provincia di Trento, Trentino-Alto Adige/Südtirol, 38012, Italia","Nanno, Ville d'Anaunia, Comunità della Val di Non, Provincia di Trento, Trentino-Alto Adige/Südtirol, 38012, Italia"
144,Ramphastos_tucanus,"Cuiaba, Brasil","Trinidad, Bolivia","Santa Cruz de la Sierra, Bolivia",,,,"Cuiabá, Região Geográfica Imediata de Cuiabá, Região Geográfica Intermediária de Cuiabá, Mato Grosso, Região Centro-Oeste, Brasil","Trinidad, Provincia de Cercado, Beni, Bolivia","Santa Cruz de la Sierra, Municipio Santa Cruz de la Sierra, Provincia Andrés Ibáñez, Santa Cruz, 3212, Bolivia","Nanno, Ville d'Anaunia, Comunità della Val di Non, Provincia di Trento, Trentino-Alto Adige/Südtirol, 38012, Italia","Nanno, Ville d'Anaunia, Comunità della Val di Non, Provincia di Trento, Trentino-Alto Adige/Südtirol, 38012, Italia","Nanno, Ville d'Anaunia, Comunità della Val di Non, Provincia di Trento, Trentino-Alto Adige/Südtirol, 38012, Italia"
145,Selenidera_maculirostris,"Florianopolis, Brazil","Tubarao, Brazil","Criciuma, Brazil",,,,"Florianópolis, Região Geográfica Imediata de Florianópolis, Região Geográfica Intermediária de Florianópolis, Santa Catarina, Brasil","Tubarão, Região Geográfica Imediata de Tubarão, Região Geográfica Intermediária de Criciúma, Santa Catarina, 88704-410, Brasil","Criciúma, Região Geográfica Imediata de Criciúma, Região Geográfica Intermediária de Criciúma, Santa Catarina, 88801-045, Brasil","Nanno, Ville d'Anaunia, Comunità della Val di Non, Provincia di Trento, Trentino-Alto Adige/Südtirol, 38012, Italia","Nanno, Ville d'Anaunia, Comunità della Val di Non, Provincia di Trento, Trentino-Alto Adige/Südtirol, 38012, Italia","Nanno, Ville d'Anaunia, Comunità della Val di Non, Provincia di Trento, Trentino-Alto Adige/Südtirol, 38012, Italia"
146,Syrmaticus_humiae,"Tirunelveli, India","Thiruvananthapuram, India","Nagercoil, India",,,,"Tirunelveli, Tirunelveli District, Tamil Nadu, 627001, India","Thiruvananthapuram, Kerala, 695001, India","Nagercoil, Agastheeswaram, Kanyakumari District, Tamil Nadu, 629001, India","Nanno, Ville d'Anaunia, Comunità della Val di Non, Provincia di Trento, Trentino-Alto Adige/Südtirol, 38012, Italia","Nanno, Ville d'Anaunia, Comunità della Val di Non, Provincia di Trento, Trentino-Alto Adige/Südtirol, 38012, Italia","Nanno, Ville d'Anaunia, Comunità della Val di Non, Provincia di Trento, Trentino-Alto Adige/Südtirol, 38012, Italia"
147,Thryothorus_ludovicianus,"Chetumal, Mexico","Belmopan, Belize","Belize City, Belize",,,,"Chetumal, Othón P. Blanco, Quintana Roo, México","Belmopan, Cayo, Belize","Belize City, Belize District, Belize","Nanno, Ville d'Anaunia, Comunità della Val di Non, Provincia di Trento, Trentino-Alto Adige/Südtirol, 38012, Italia","Nanno, Ville d'Anaunia, Comunità della Val di Non, Provincia di Trento, Trentino-Alto Adige/Südtirol, 38012, Italia","Nanno, Ville d'Anaunia, Comunità della Val di Non, Provincia di Trento, Trentino-Alto Adige/Südtirol, 38012, Italia"
148,Turnix_suscitator,"Jakarta, Indonesia","Surabaya, Indonesia",,,,,"Daerah Khusus Ibukota Jakarta, Indonesia","Surabaya, Bubutan, Jawa Timur, Indonesia","Nanno, Ville d'Anaunia, Comunità della Val di Non, Provincia di Trento, Trentino-Alto Adige/Südtirol, 38012, Italia","Nanno, Ville d'Anaunia, Comunità della Val di Non, Provincia di Trento, Trentino-Alto Adige/Südtirol, 38012, Italia","Nanno, Ville d'Anaunia, Comunità della Val di Non, Provincia di Trento, Trentino-Alto Adige/Südtirol, 38012, Italia","Nanno, Ville d'Anaunia, Comunità della Val di Non, Provincia di Trento, Trentino-Alto Adige/Südtirol, 38012, Italia"
149,Urocolius_macrourus,"Dar es Salaam, Tanzania","Morogoro, Tanzania","Iringa, Tanzania",,,,"Dar es-Salaam, Dar es Salaam, Coastal Zone, 11101, Tanzania","Morogoro, Coastal Zone, 00255, Tanzania","Iringa, Southern Highlands Zone, Tanzania","Nanno, Ville d'Anaunia, Comunità della Val di Non, Provincia di Trento, Trentino-Alto Adige/Südtirol, 38012, Italia","Nanno, Ville d'Anaunia, Comunità della Val di Non, Provincia di Trento, Trentino-Alto Adige/Südtirol, 38012, Italia","Nanno, Ville d'Anaunia, Comunità della Val di Non, Provincia di Trento, Trentino-Alto Adige/Südtirol, 38012, Italia"
